Season,Name,IP,FA,FT,Zone,K,BB
2012,Kris Medlen,138,89.6,89.9,0.517,0.231,0.044
2015,Zack Greinke,222.2,91.8,91.3,0.450,0.237,0.047
2013,Clay Buchholz,108.1,91.9,92.8,0.474,0.231,0.087
2015,Jake Arrieta,229,94.4,,0.479,0.271,0.055
2014,Clayton Kershaw,198.1,92.9,,0.526,0.319,0.041
2016,Clayton Kershaw,121,92.9,,0.534,0.329,0.020
2013,Clayton Kershaw,236,92.5,,0.502,0.256,0.057
2008,Rich Harden,148,91.7,,0.462,0.304,0.103
2016,Kyle Hendricks,165,89.7,,0.497,0.224,0.063
2015,Clayton Kershaw,232.2,93.6,,0.497,0.338,0.047
2014,Felix Hernandez,236,92.5,,0.443,0.272,0.050
2006,Francisco Liriano,121,,,,0.304,0.068
2009,Zack Greinke,229.1,93.7,89.1,0.481,0.265,0.056
2014,Chris Sale,174,92.8,93.7,0.494,0.304,0.057
2013,Jose Fernandez,172.2,94.8,93.6,0.550,0.275,0.085
2009,Chris Carpenter,192.2,93.2,,0.505,0.192,0.051
2014,Johnny Cueto,243.2,92.8,93,0.490,0.252,0.068
2010,Felix Hernandez,249.2,94.4,,0.544,0.232,0.070
2013,Matt Harvey,178.1,95.4,96.4,0.519,0.277,0.045
2011,Clayton Kershaw,233.1,93.2,,0.521,0.272,0.059
2006,Roger Clemens,113.1,,,,0.226,0.064
2010,Josh Johnson,183.2,94.7,94.9,0.517,0.250,0.065
2011,Johnny Cueto,156,92,93.4,0.448,0.165,0.075
2010,Clay Buchholz,173.2,94.1,,0.502,0.169,0.094
2011,Roy Halladay,233.2,91.3,91.9,0.516,0.236,0.038
2014,Adam Wainwright,227,90.5,,0.508,0.199,0.056
2011,Cliff Lee,232.2,91.4,91.5,0.597,0.259,0.046
2011,Justin Verlander,251,95,95.1,0.510,0.258,0.059
2011,Jered Weaver,235.2,89.2,88.8,0.491,0.214,0.061
2014,Doug Fister,164,87.9,87.8,0.543,0.148,0.036
2010,Adam Wainwright,230.1,93.5,,0.511,0.234,0.062
2015,Jaime Garcia,129.2,90,90.2,0.496,0.190,0.059
2010,Roy Halladay,250.2,92,92.5,0.522,0.221,0.030
2014,Corey Kluber,235.2,93.2,,0.510,0.283,0.054
2015,David Price,220.1,94,94.1,0.539,0.253,0.053
2014,Jon Lester,219.2,91.5,,0.463,0.249,0.054
2014,Cole Hamels,204.2,92.1,,0.495,0.239,0.071
2009,Tim Lincecum,225.1,92.4,89.9,0.490,0.288,0.075
2016,Noah Syndergaard,167,98,,0.486,0.290,0.058
2015,Dallas Keuchel,232,89.6,89.5,0.401,0.237,0.056
2009,Felix Hernandez,238.2,93.8,,0.518,0.222,0.073
2016,Madison Bumgarner,193.2,90.6,91,0.466,0.278,0.063
2014,Jake Arrieta,156.2,93.4,,0.470,0.272,0.067
2012,Clayton Kershaw,227.2,93,,0.505,0.254,0.070
2014,Danny Duffy,149.1,93.2,92.2,0.530,0.187,0.088
2008,Johan Santana,234.1,91,,0.534,0.214,0.065
2007,Jake Peavy,223.1,93.9,,0.502,0.267,0.076
2008,Cliff Lee,223.1,90.2,,0.578,0.191,0.038
2008,Justin Duchscherer,141.2,85.3,,0.537,0.171,0.061
2015,Jacob deGrom,191,94.9,94.6,0.483,0.273,0.051
2014,Carlos Carrasco,134,95.2,94.9,0.503,0.265,0.055
2014,Andrew Cashner,123.1,94.9,93.7,0.521,0.184,0.057
2012,David Price,211,95.5,95.3,0.529,0.245,0.071
2006,Jered Weaver,123,,,,0.214,0.067
2013,Anibal Sanchez,182,92.8,,0.498,0.271,0.072
2009,Jair Jurrjens,215,91.2,90.2,0.496,0.172,0.085
2015,Gerrit Cole,208,95.5,94.4,0.493,0.243,0.053
2008,Joba Chamberlain,100.1,95.2,,0.479,0.283,0.094
2011,Alfredo Aceves,114,92.1,91.8,0.511,0.169,0.089
2016,Jon Lester,169,92.1,,0.477,0.246,0.070
2014,Garrett Richards,168.2,96.4,96,0.462,0.242,0.075
2008,Tim Lincecum,227,94,,0.496,0.286,0.091
2010,Brian Duensing,130.2,91.9,,0.518,0.146,0.065
2009,Adam Wainwright,233,90.6,91,0.490,0.219,0.068
2013,Zack Greinke,177.2,91.7,91.5,0.461,0.206,0.064
2012,Justin Verlander,238.1,94.7,94.3,0.519,0.250,0.063
2014,Henderson Alvarez,187,92.1,92.8,0.547,0.144,0.043
2013,Bartolo Colon,190.1,91.2,88.8,0.585,0.152,0.038
2014,Jordan Zimmermann,199.2,93.7,94,0.539,0.228,0.036
2013,Hisashi Iwakuma,219.2,89.5,,0.514,0.214,0.049
2013,Joe Kelly,124,93.3,94.8,0.486,0.149,0.083
2014,Jacob deGrom,140.1,93.5,93.2,0.478,0.255,0.076
2010,Jaime Garcia,163.1,89.9,90.4,0.466,0.190,0.092
2008,CC Sabathia,253,93.8,,0.509,0.245,0.058
2011,Ryan Vogelsong,179.2,91.6,91,0.478,0.185,0.081
2015,Matt Harvey,189.1,95.2,95.8,0.519,0.249,0.049
2014,Zack Greinke,202.1,91.8,91.8,0.472,0.252,0.052
2010,David Price,208.2,95.3,91.8,0.555,0.218,0.092
2015,Sonny Gray,208,93,92.9,0.478,0.203,0.071
2012,R.A. Dickey,233.2,83,,0.535,0.248,0.058
2014,Collin McHugh,154.2,91.4,88.9,0.510,0.254,0.066
2011,Tim Lincecum,217,92.2,91.7,0.450,0.244,0.096
2014,Lance Lynn,203.2,92.7,91.3,0.496,0.209,0.083
2013,Alex Cobb,143.1,90.7,90.8,0.474,0.232,0.078
2010,Roy Oswalt,211.2,92.6,,0.556,0.231,0.066
2016,Michael Fulmer,136.2,95,94.5,0.501,0.203,0.064
2015,John Lackey,218,91.6,91.6,0.538,0.195,0.059
2013,Madison Bumgarner,201.1,91.2,91.4,0.514,0.248,0.077
2014,Masahiro Tanaka,136.1,91.1,91.6,0.455,0.260,0.039
2006,Johan Santana,233.2,,,,0.265,0.051
2014,Alex Wood,171.2,89.8,,0.501,0.245,0.065
2012,Johnny Cueto,217,92.5,92.6,0.474,0.191,0.055
2008,Roy Halladay,246,92.6,91.5,0.491,0.209,0.040
2009,Roy Halladay,239,92.4,92,0.529,0.216,0.036
2009,Clayton Kershaw,171,94,82.6,0.491,0.264,0.130
2012,Matt Cain,219.1,91.1,91.2,0.508,0.220,0.058
2011,Cole Hamels,216,91.2,,0.523,0.228,0.052
2015,Max Scherzer,228.2,94.1,90.9,0.565,0.307,0.038
2010,Brett Anderson,112.1,92.7,91.4,0.523,0.160,0.047
2014,Tyson Ross,195.2,93.4,92.9,0.426,0.240,0.089
2012,Jered Weaver,188.2,88,87.4,0.485,0.192,0.061
2011,James Shields,249.1,90.9,91,0.514,0.231,0.067
2011,Doug Fister,216.1,89.6,89.9,0.535,0.167,0.042
2013,Yu Darvish,209.2,92.9,92.6,0.468,0.329,0.095
2010,Tim Hudson,228.2,90.8,,0.476,0.151,0.080
2006,Anibal Sanchez,114.1,,,,0.154,0.098
2010,R.A. Dickey,174.1,83.9,,0.556,0.146,0.059
2016,Jake Arrieta,174,93.7,,0.469,0.241,0.096
2016,Junior Guerra,110.2,93.2,94.2,0.446,0.208,0.087
2014,Vance Worley,110.2,89.6,89.5,0.508,0.173,0.048
2008,Jake Peavy,173.2,92.6,,0.484,0.234,0.083
2014,Tanner Roark,198.2,91.1,91,0.513,0.173,0.049
2012,Kyle Lohse,211,89.6,,0.511,0.166,0.044
2014,Alex Cobb,166.1,90.9,91.7,0.429,0.219,0.069
2013,Cliff Lee,222.2,90.4,90.7,0.569,0.253,0.037
2009,Javier Vazquez,219.1,91.2,89.9,0.493,0.272,0.050
2016,Max Scherzer,197,94.3,,0.538,0.316,0.061
2011,Ian Kennedy,222,89.9,90.1,0.549,0.220,0.061
2014,Josh Beckett,115.2,91.6,91.8,0.482,0.225,0.082
2011,Matt Cain,221.2,91.2,91.2,0.493,0.197,0.070
2010,Ubaldo Jimenez,221.2,95.8,96.3,0.494,0.239,0.103
2012,Gio Gonzalez,199.1,93.3,92.6,0.467,0.252,0.093
2009,Tommy Hanson,127.2,92.2,89.7,0.496,0.222,0.088
2011,Josh Beckett,193,93,93.1,0.516,0.228,0.068
2014,Julio Teheran,221,91.3,88.5,0.521,0.210,0.058
2009,Matt Cain,217.2,92.5,90.5,0.536,0.193,0.082
2016,Tanner Roark,180.1,92.1,92.1,0.480,0.193,0.080
2013,Max Scherzer,214.1,93.3,92,0.520,0.287,0.067
2008,Daisuke Matsuzaka,167.2,91.9,,0.515,0.215,0.131
2010,Clayton Kershaw,204.1,92.5,90.4,0.521,0.250,0.096
2016,Johnny Cueto,191.1,91.9,91.3,0.496,0.219,0.051
2011,Ricky Romero,225,92,91.5,0.472,0.194,0.087
2016,Aaron Sanchez,169.1,94.5,94.6,0.505,0.199,0.073
2013,Tony Cingrani,104.2,91.8,,0.496,0.286,0.102
2010,Mat Latos,184.2,94,92.3,0.497,0.253,0.067
2014,Dallas Keuchel,200,89.7,89.7,0.443,0.181,0.059
2015,Madison Bumgarner,218.1,92,92.2,0.478,0.269,0.045
2009,J.A. Happ,166,89.7,81.1,0.512,0.174,0.082
2016,Anthony DeSclafani,107.1,93,92.7,0.462,0.217,0.051
2011,C.J. Wilson,223.1,90.8,91,0.504,0.225,0.081
2013,Adam Wainwright,241.2,91.2,,0.489,0.229,0.037
2012,Jordan Zimmermann,195.2,93.8,93.7,0.547,0.190,0.053
2011,Jeremy Hellickson,189,90.9,90.9,0.491,0.151,0.093
2012,Brandon Morrow,124.2,93.1,,0.519,0.214,0.081
2011,Jair Jurrjens,152,89.1,89.1,0.467,0.144,0.070
2008,Ryan Dempster,206.2,91.3,89.7,0.490,0.219,0.089
2010,Trevor Cahill,196.2,91.4,,0.504,0.151,0.081
2006,Roy Oswalt,220.2,,,,0.185,0.042
2014,Madison Bumgarner,217.1,92,92,0.519,0.251,0.049
2010,Johan Santana,199,89.6,89.2,0.544,0.176,0.067
2014,Jeff Samardzija,219.2,94.6,94.2,0.515,0.230,0.049
2011,CC Sabathia,237.1,93.9,,0.502,0.234,0.062
2010,Madison Bumgarner,111,91,91.4,0.559,0.182,0.055
2013,Stephen Strasburg,183,95.2,95.3,0.494,0.261,0.077
2013,Hyun-Jin Ryu,192,90.7,89.8,0.511,0.197,0.063
2015,Carlos Martinez,179.2,95.2,94.8,0.487,0.244,0.083
2016,Drew Pomeranz,158.2,91.1,87.2,0.480,0.269,0.094
2016,Julio Teheran,158.2,90.9,89.6,0.486,0.225,0.054
2011,Vance Worley,131.2,90.3,90.1,0.532,0.215,0.083
2007,Brandon Webb,236.1,89,,0.470,0.199,0.074
2010,Jered Weaver,224.1,90.1,89.5,0.504,0.258,0.060
2007,John Lackey,224,91.3,,0.505,0.193,0.056
2013,Francisco Liriano,161,93,92.9,0.422,0.245,0.095
2009,Wandy Rodriguez,205.2,90.2,88.6,0.536,0.227,0.074
2015,Shelby Miller,205.1,94.1,93.8,0.540,0.199,0.085
2015,Lance Lynn,175.1,92.2,91,0.479,0.222,0.091
2007,Brad Penny,208,94,,0.500,0.156,0.084
2016,Jose Fernandez,160.1,95.2,93,0.485,0.342,0.076
2014,Edinson Volquez,192.2,93.1,,0.483,0.173,0.088
2013,Felix Hernandez,204.1,91.3,,0.467,0.263,0.056
2016,Jacob deGrom,148,93.4,93.3,0.498,0.237,0.060
2014,Matt Shoemaker,136,90.5,90.4,0.464,0.228,0.044
2012,Chris Sale,192,91.3,92.3,0.519,0.249,0.066
2009,Randy Wells,165.1,89.7,89.3,0.476,0.150,0.066
2012,Cole Hamels,215.1,90.9,88.6,0.485,0.249,0.060
2014,Yu Darvish,144.1,92.5,92.2,0.478,0.301,0.081
2007,Roberto Hernandez,215,93.5,,0.480,0.156,0.069
2010,Cole Hamels,208.2,91.7,,0.511,0.247,0.071
2013,Shelby Miller,173.1,93.5,,0.531,0.234,0.079
2012,Felix Hernandez,232,92.4,,0.498,0.238,0.060
2015,Chris Young,123.1,86.4,,0.450,0.166,0.086
2013,Chris Sale,214.1,92.6,93.3,0.524,0.261,0.053
2016,Carlos Martinez,164.1,96.3,94.9,0.521,0.211,0.090
2016,Chris Sale,193.2,,93.1,0.525,0.252,0.055
2007,Dan Haren,222.2,91.8,,0.485,0.205,0.059
2010,Jonathan Sanchez,193.1,90.5,,0.496,0.253,0.118
2011,Hiroki Kuroda,202,92.1,,0.480,0.192,0.059
2014,Sonny Gray,219,93,92.8,0.465,0.204,0.082
2013,Andrew Cashner,175,94.6,94.2,0.526,0.181,0.067
2008,Ben Sheets,198.1,92.8,,0.528,0.195,0.058
2006,Chris Carpenter,221.2,,,,0.205,0.048
2008,Cole Hamels,227.1,89.9,,0.519,0.214,0.058
2006,Josh Johnson,157,,,,0.202,0.103
2015,Scott Kazmir,183,91.5,91.2,0.482,0.203,0.077
2013,Ivan Nova,139.1,93.2,92.7,0.453,0.198,0.075
2012,Jeremy Hellickson,177,91.3,91,0.435,0.167,0.080
2009,Ted Lilly,177,87.2,85.5,0.581,0.214,0.051
2006,Brandon Webb,235,,,,0.187,0.053
2013,Travis Wood,200,89,88.5,0.530,0.175,0.080
2013,Alexi Ogando,104.1,93.5,,0.508,0.168,0.096
2013,Kris Medlen,197,88.9,89.3,0.505,0.192,0.057
2007,John Smoltz,205.2,92.7,,0.467,0.231,0.055
2016,Masahiro Tanaka,179.1,92.1,,0.464,0.208,0.043
2011,Gio Gonzalez,202,92.8,92,0.473,0.228,0.105
2007,Chris Young,173,90.3,,0.473,0.237,0.102
2016,Danny Duffy,155.1,95.1,94.5,0.523,0.267,0.051
2016,Jose Quintana,184,92,92,0.489,0.225,0.056
2009,Johan Santana,166.2,90.6,86.5,0.551,0.208,0.066
2015,Marco Estrada,181,89.1,,0.493,0.181,0.076
2010,Brett Myers,223.2,89.3,,0.487,0.192,0.071
2014,Stephen Strasburg,215,94.7,94.8,0.486,0.279,0.050
2009,Dan Haren,229.1,90.5,90.3,0.498,0.245,0.042
2008,Chad Billingsley,200.2,91.7,,0.493,0.234,0.093
2011,Scott Baker,134.2,90.7,90.1,0.550,0.225,0.058
2010,Matt Cain,223.1,91.5,92,0.523,0.198,0.068
2014,Max Scherzer,220.1,92.8,92.4,0.519,0.279,0.070
2013,James Shields,228.2,92.2,92,0.477,0.207,0.072
2013,Tyler Chatwood,111.1,92.9,93,0.481,0.139,0.086
2016,Carlos Carrasco,142.2,93.8,93.7,0.480,0.256,0.057
2012,Cliff Lee,211,91.7,91.6,0.579,0.244,0.033
2012,Hisashi Iwakuma,125.1,90.3,,0.506,0.195,0.083
2013,Mat Latos,210.2,92.5,92.2,0.487,0.212,0.066
2016,Corey Kluber,190.2,92,,0.489,0.262,0.065
2012,Stephen Strasburg,159.1,95.8,95.1,0.462,0.302,0.074
2007,Erik Bedard,182,92.1,,0.517,0.302,0.078
2013,Tyson Ross,125,94,93.9,0.457,0.236,0.087
2008,Tim Hudson,142,90.5,89.9,0.478,0.148,0.070
2011,Dan Haren,238.1,89.8,90.1,0.478,0.202,0.035
2010,Cliff Lee,212.1,91.1,91.4,0.612,0.220,0.021
2011,Jordan Zimmermann,161.1,93.3,,0.566,0.187,0.047
2010,CC Sabathia,237.2,93.6,,0.522,0.203,0.076
2015,A.J. Burnett,164,91.1,,0.464,0.205,0.070
2007,Roy Oswalt,212,92.8,,0.557,0.169,0.066
2006,Roy Halladay,220,,,,0.151,0.039
2014,Michael Wacha,107,93.1,,0.525,0.210,0.074
2014,Yordano Ventura,183,96,96.6,0.515,0.203,0.088
2013,Julio Teheran,185.2,92.1,89.5,0.532,0.220,0.058
2008,Adam Wainwright,132,90.6,,0.499,0.167,0.063
2011,Justin Masterson,216,93.1,,0.554,0.174,0.072
2008,Jon Lester,210.1,91.8,,0.496,0.174,0.076
2011,Madison Bumgarner,204.2,91.5,91.5,0.546,0.226,0.055
2013,Mike Minor,204.2,90.4,,0.527,0.221,0.056
2014,James Shields,227,92.5,92.1,0.478,0.192,0.047
2007,CC Sabathia,241,93.7,,0.530,0.214,0.038
2008,Edinson Volquez,196,93.6,,0.484,0.246,0.111
2010,Chris Carpenter,235,91.6,,0.484,0.185,0.065
2013,Chris Archer,128.2,94.8,95,0.474,0.192,0.072
2011,Kyle Kendrick,114.2,93.1,,0.485,0.123,0.063
2013,Gerrit Cole,117.1,95.5,95.7,0.503,0.213,0.060
2015,Lance McCullers,125.2,94.2,93.6,0.479,0.248,0.083
2006,CC Sabathia,192.2,,,,0.215,0.055
2011,Tim Hudson,215,90.1,,0.462,0.179,0.063
2009,Cliff Lee,231.2,91,90.6,0.569,0.187,0.044
2016,Bartolo Colon,164.2,89.8,87,0.580,0.158,0.043
2014,Miguel Gonzalez,159,90.9,90.8,0.492,0.165,0.076
2015,Chris Archer,212,95,95.5,0.481,0.290,0.076
2010,Gio Gonzalez,200.2,92.2,91.2,0.497,0.201,0.108
2009,Josh Johnson,209,94.9,89.5,0.522,0.223,0.068
2016,Rick Porcello,186.2,91.5,89.5,0.515,0.206,0.038
2009,Randy Wolf,214.1,89,81.6,0.550,0.186,0.067
2006,Scott Kazmir,144.2,,,,0.267,0.085
2014,Drew Smyly,153,90.1,89.8,0.490,0.215,0.068
2015,Noah Syndergaard,150,96.5,90.8,0.473,0.275,0.051
2013,Ervin Santana,211,92.3,91.4,0.498,0.187,0.059
2008,Derek Lowe,211,89.7,,0.436,0.173,0.053
2012,Brandon McCarthy,111,88.5,,0.560,0.156,0.051
2010,Jon Lester,208,93.5,,0.490,0.261,0.096
2016,Cole Hamels,174.2,91.5,92.5,0.431,0.236,0.092
2012,Miguel Gonzalez,105.1,91.4,91.1,0.505,0.177,0.081
2013,Jordan Zimmermann,213.1,93.9,94.2,0.550,0.186,0.046
2014,Mat Latos,102.1,90.7,90.2,0.482,0.176,0.062
2015,Clay Buchholz,113.1,92.1,91.9,0.514,0.228,0.049
2013,Charlie Morton,116,93.4,92.5,0.454,0.172,0.073
2015,Tyson Ross,196,92.7,92.9,0.428,0.258,0.102
2014,David Price,248.1,93.3,93.1,0.560,0.269,0.038
2013,Jered Weaver,154.1,86.8,86.4,0.489,0.185,0.058
2013,Bruce Chen,121,86.6,,0.570,0.157,0.072
2007,Josh Beckett,200.2,94.4,,0.561,0.236,0.049
2010,Jhoulys Chacin,137.1,91.5,89.8,0.456,0.237,0.105
2016,Justin Verlander,195,93.5,,0.488,0.269,0.061
2011,R.A. Dickey,208.2,84,,0.565,0.153,0.062
2010,Andy Pettitte,129,89,88.8,0.519,0.188,0.077
2011,Cory Luebke,139.2,91.4,91.4,0.512,0.278,0.079
2015,Adam Warren,131.1,92.8,92.1,0.450,0.195,0.073
2012,Matt Harrison,213.1,92.4,91.9,0.513,0.152,0.067
2006,Bronson Arroyo,240.2,,,,0.186,0.065
2013,Matt Moore,150.1,92.3,92.4,0.464,0.223,0.118
2016,Kenta Maeda,153,90.1,89.8,0.450,0.254,0.067
2008,Brandon Webb,226.2,88.2,,0.478,0.194,0.069
2013,A.J. Burnett,191,92.4,,0.492,0.261,0.084
2011,Dustin Moseley,120,88.4,,0.494,0.127,0.071
2013,Ubaldo Jimenez,182.2,92.1,91.6,0.502,0.250,0.103
2007,Chad Billingsley,147,92.5,,0.475,0.226,0.103
2013,Hiroki Kuroda,201.1,90.6,,0.441,0.182,0.052
2011,Matt Garza,198,93.8,93.3,0.483,0.235,0.075
2012,Hiroki Kuroda,219.2,91.3,,0.467,0.187,0.057
2011,Brandon McCarthy,170.2,90.3,90.5,0.594,0.178,0.036
2008,John Danks,195,90.6,,0.551,0.198,0.071
2014,Jose Quintana,200.1,91.4,91.7,0.477,0.215,0.063
2013,David Price,186.2,93.4,93.5,0.540,0.204,0.037
2012,Wade Miley,194.2,91.1,90.5,0.483,0.178,0.046
2014,Chris Archer,194.2,94.2,94.5,0.484,0.211,0.088
2007,Johan Santana,219,91.8,,0.542,0.268,0.059
2007,Tim Hudson,224.1,91.3,,0.494,0.143,0.057
2010,Tommy Hanson,202.2,92.7,92.2,0.519,0.205,0.066
2010,Carlos Zambrano,129.2,90.5,,0.466,0.205,0.121
2016,Steven Wright,156.2,83.2,,0.514,0.194,0.087
2008,Dan Haren,216,91.1,,0.499,0.234,0.045
2015,Jon Lester,205,92,,0.435,0.250,0.057
2015,Wei-Yin Chen,191.1,91.6,90.7,0.539,0.193,0.052
2016,J.A. Happ,164.1,91.8,90.9,0.475,0.216,0.073
2014,Chris Tillman,207.1,90.8,90.9,0.517,0.172,0.076
2015,Jake Odorizzi,169.1,91.1,91.3,0.475,0.214,0.066
2013,Kyle Lohse,198.2,89.8,,0.497,0.155,0.045
2010,C.J. Wilson,204,90.3,90.4,0.512,0.200,0.109
2014,T.J. House,102,91.5,90.4,0.475,0.187,0.051
2013,Gio Gonzalez,195.2,92.8,92.1,0.476,0.234,0.093
2015,Jose Quintana,206.1,91.3,91.5,0.461,0.205,0.051
2016,John Lackey,163.1,91.8,91.7,0.481,0.248,0.068
2009,CC Sabathia,230,94.1,,0.506,0.210,0.071
2012,Ryan Vogelsong,189.2,90.7,90.7,0.490,0.201,0.079
2013,Mike Leake,192.1,90.4,,0.490,0.152,0.060
2008,Mike Mussina,200.1,87.1,,0.545,0.183,0.038
2012,Madison Bumgarner,208.1,90.8,91.1,0.522,0.225,0.058
2012,Jake Peavy,219,90.7,91,0.494,0.220,0.056
2010,Justin Verlander,224.1,95.5,93.6,0.523,0.237,0.077
2015,Justin Verlander,133.1,93.2,,0.483,0.211,0.060
2015,Michael Wacha,181.1,93.9,,0.506,0.201,0.076
2011,Guillermo Moscoso,128,90.8,,0.536,0.141,0.072
2012,CC Sabathia,200,92.4,,0.479,0.237,0.053
2014,Hyun-Jin Ryu,152,90.9,90.6,0.527,0.220,0.046
2015,Francisco Liriano,186.2,92.1,92.4,0.392,0.265,0.091
2012,Ryan Dempster,173,89.6,89.5,0.482,0.213,0.073
2014,Francisco Liriano,162.1,92.7,92.5,0.394,0.253,0.117
2011,Jeff Karstens,162.1,88.9,,0.545,0.144,0.049
2011,Josh Collmenter,154.1,87.2,,0.506,0.161,0.045
2011,Ervin Santana,228.2,92.7,,0.500,0.188,0.076
2013,Nathan Eovaldi,106.1,96.1,96.2,0.538,0.173,0.089
2014,Mark Buehrle,202,83.9,83.6,0.499,0.139,0.054
2007,Cole Hamels,183.1,91.1,,0.509,0.238,0.058
2008,Shaun Marcum,151.1,87,88.4,0.433,0.195,0.079
2013,C.J. Wilson,212.1,90.9,91.4,0.476,0.206,0.093
2010,Hiroki Kuroda,196.1,92.1,,0.492,0.196,0.059
2011,Kyle Lohse,188.1,88.9,,0.520,0.143,0.054
2011,Matt Harrison,185.2,93,92.4,0.497,0.163,0.074
2012,Ross Detwiler,164.1,93,,0.511,0.153,0.076
2016,Steven Matz,132.1,90.6,,0.553,0.236,0.057
2007,Kelvim Escobar,195.2,94.2,,0.506,0.197,0.081
2012,Jon Niese,190.1,90.5,89.8,0.526,0.197,0.062
2014,Jon Niese,187.2,88.8,88.3,0.525,0.176,0.057
2006,Carlos Zambrano,214,,,,0.229,0.125
2015,Chris Sale,208.2,89.9,94.5,0.475,0.321,0.049
2009,Jon Lester,203.1,93.5,89.5,0.504,0.267,0.076
2006,Hector Carrasco,100.1,,,,0.173,0.065
2008,Joe Saunders,198,91.5,,0.503,0.128,0.066
2013,Patrick Corbin,208.1,91.8,92.1,0.490,0.207,0.063
2015,Yovani Gallardo,184.1,90.5,90.5,0.441,0.153,0.086
2013,Zack Wheeler,100,94.3,93.9,0.492,0.195,0.107
2013,Derek Holland,213,93.4,,0.511,0.211,0.072
2008,Ryan Rowland-Smith,118.1,88.6,,0.520,0.152,0.095
2012,Bartolo Colon,152.1,91.2,89.4,0.612,0.143,0.036
2012,Colby Lewis,105,88,88,0.538,0.218,0.033
2014,Anibal Sanchez,126,92.1,,0.490,0.198,0.058
2009,Brad Bergesen,123.1,89.3,89.4,0.524,0.125,0.062
2014,Rick Porcello,204.2,90.5,90.2,0.513,0.154,0.049
2012,Jason Hammel,118,93.6,93.4,0.497,0.229,0.085
2014,Alfredo Simon,196.1,93.6,94,0.507,0.155,0.069
2015,Johnny Cueto,212,92.2,92.6,0.481,0.203,0.053
2008,Scott Baker,172.1,90.7,89.1,0.542,0.201,0.060
2009,Justin Verlander,240,95.6,89.3,0.540,0.274,0.064
2013,Justin Masterson,193,93.1,,0.514,0.243,0.095
2011,Chris Carpenter,237.1,91.9,,0.503,0.192,0.055
2012,Doug Fister,161.2,89.1,88.8,0.518,0.204,0.055
2014,Jesse Chavez,146,91.3,91.2,0.533,0.219,0.079
2009,Jake Peavy,101.2,91.8,90.6,0.506,0.268,0.083
2007,Kevin Correia,101.2,90.2,,0.514,0.183,0.092
2008,Felix Hernandez,200.2,94.5,,0.539,0.204,0.093
2015,Danny Salazar,185,94.9,94.2,0.489,0.258,0.070
2013,Justin Verlander,218.1,94,93.1,0.510,0.235,0.081
2006,Chris Young,179.1,,,,0.223,0.094
2014,Josh Collmenter,179.1,86.4,,0.489,0.160,0.054
2015,Stephen Strasburg,127.1,95.4,95.3,0.520,0.296,0.050
2010,Jon Garland,200,89.4,,0.505,0.163,0.104
2013,Jhoulys Chacin,197.1,89.9,89.4,0.516,0.154,0.075
2011,Felix Hernandez,233.2,93.4,,0.513,0.230,0.070
2009,Ubaldo Jimenez,218,96,91.2,0.496,0.217,0.093
2008,Zack Greinke,202.1,93.4,,0.527,0.215,0.066
2014,Jason Hammel,176.1,92.4,92.1,0.488,0.221,0.062
2011,Mat Latos,194.1,93,91.8,0.483,0.232,0.078
2012,Jarrod Parker,181.1,92.4,92.2,0.465,0.186,0.084
2011,Jon Lester,191.2,92.6,,0.481,0.228,0.094
2012,Zack Greinke,212.1,92.3,92.5,0.451,0.230,0.062
2012,Mat Latos,209.1,92.7,92,0.502,0.216,0.075
2007,Scott Kazmir,206.2,92.4,,0.520,0.269,0.100
2008,Scott Kazmir,152.1,91.8,,0.528,0.259,0.109
2015,Corey Kluber,222,92.6,94.2,0.506,0.277,0.051
2011,Daniel Hudson,222,93.2,,0.498,0.184,0.054
2011,Wandy Rodriguez,191,89.3,88.8,0.466,0.205,0.085
2013,Homer Bailey,209,94.1,93.7,0.477,0.234,0.064
2013,Jorge de la Rosa,167.2,91.2,90.8,0.461,0.157,0.087
2011,David Price,224.1,94.7,94.8,0.533,0.238,0.069
2009,Joel Pineiro,214,88.6,89.5,0.515,0.121,0.031
2006,John Smoltz,232,,,,0.220,0.057
2015,Andrew Heaney,105.2,91.5,,0.472,0.178,0.064
2008,Ervin Santana,219,94.8,,0.506,0.239,0.052
2010,Max Scherzer,195.2,93.1,,0.531,0.230,0.088
2016,Jason Hammel,151.2,92,92.2,0.476,0.203,0.078
2010,Dallas Braden,192.2,87.2,,0.498,0.145,0.055
2015,Masahiro Tanaka,154,92,,0.448,0.228,0.044
2010,Travis Wood,102.2,89.7,89.5,0.519,0.205,0.062
2014,Yovani Gallardo,192.1,91.3,91.5,0.459,0.179,0.066
2013,Jose Quintana,200,91.2,91.4,0.500,0.197,0.067
2006,Mike Mussina,197.1,,,,0.214,0.044
2012,A.J. Burnett,202.1,92.2,,0.512,0.212,0.073
2011,Alexi Ogando,169,95,,0.518,0.182,0.062
2011,Yovani Gallardo,207.1,92.6,92.8,0.463,0.239,0.068
2013,Jeff Locke,166.1,90.3,90.7,0.410,0.176,0.118
2013,John Lackey,189.1,91.6,91.4,0.506,0.207,0.051
2006,Scott Proctor,102.1,,,,0.209,0.078
2008,Ricky Nolasco,212.1,91,,0.567,0.214,0.048
2012,James Shields,227.2,92,92.1,0.450,0.236,0.061
2014,Hisashi Iwakuma,179,89,,0.474,0.217,0.030
2014,Phil Hughes,209.2,92,91.7,0.611,0.218,0.019
2015,Robbie Ray,127.2,93.3,92.5,0.487,0.218,0.090
2015,Felix Hernandez,201.2,92.1,,0.448,0.231,0.070
2012,Joe Kelly,107,92.7,94.2,0.490,0.164,0.079
2010,Tim Lincecum,206.1,91.2,91.3,0.487,0.257,0.085
2014,Wily Peralta,198.2,95.6,95.8,0.454,0.184,0.073
2008,Roy Oswalt,208.2,92.7,,0.550,0.191,0.055
2012,Scott Diamond,173,89.3,89.4,0.510,0.126,0.043
2014,Wei-Yin Chen,185.2,91.9,91.3,0.523,0.176,0.045
2008,Wandy Rodriguez,137.1,88.9,,0.514,0.223,0.075
2014,Kyle Lohse,198.1,89.5,,0.475,0.173,0.055
2015,Hisashi Iwakuma,129.2,88.9,,0.468,0.215,0.041
2011,Shaun Marcum,200.2,86.8,86.6,0.448,0.192,0.069
2014,Zack Wheeler,185.1,94.7,94.5,0.476,0.236,0.100
2014,Scott Kazmir,190.1,91.7,90.9,0.508,0.211,0.064
2012,Chad Billingsley,149.2,91.6,90.8,0.498,0.202,0.071
2015,Edinson Volquez,200.1,93.8,,0.491,0.182,0.085
2013,Wade Miley,202.2,91.4,90.7,0.464,0.174,0.078
2016,Gerrit Cole,114,95.2,95.3,0.501,0.193,0.065
2010,Anibal Sanchez,195,91.6,,0.537,0.187,0.083
2016,Marco Estrada,149.1,88.1,,0.451,0.225,0.085
2006,John Lackey,217.2,,,,0.206,0.078
2008,James Shields,215,90.5,,0.512,0.182,0.046
2007,Oliver Perez,177,91.9,,0.491,0.228,0.103
2011,Jaime Garcia,194.2,89.2,89,0.487,0.189,0.061
2013,Hector Santiago,149,91.8,88.6,0.516,0.209,0.110
2014,Tim Hudson,189.1,89.1,,0.482,0.152,0.043
2014,Aaron Harang,204.1,88.8,89.3,0.519,0.184,0.081
2010,Chad Billingsley,191.2,91.5,90.1,0.502,0.209,0.085
2014,Gio Gonzalez,158.2,92.1,91.6,0.476,0.248,0.086
2014,Kevin Gausman,113.1,94.8,93.8,0.437,0.185,0.080
2016,Kevin Gausman,146,94.7,94.3,0.448,0.241,0.065
2015,Jake Peavy,110.2,90.1,90.2,0.506,0.174,0.056
2008,Jesse Litsch,176,89.9,,0.491,0.135,0.053
2016,Ervin Santana,158.1,92.6,91.6,0.430,0.191,0.067
2006,Jason Schmidt,213.1,,,,0.201,0.090
2014,Jered Weaver,213.1,86.8,85.9,0.504,0.190,0.073
2015,Hector Santiago,180.2,90.1,,0.524,0.209,0.092
2013,Henderson Alvarez,102.2,93.3,92.2,0.525,0.136,0.065
2011,Mark Buehrle,205.1,85,85.3,0.488,0.127,0.052
2016,Stephen Strasburg,147.2,94.9,94.6,0.528,0.306,0.074
2011,Tommy Hanson,130,91.1,91.3,0.487,0.263,0.085
2013,Cole Hamels,220,91.3,,0.503,0.223,0.055
2010,Wandy Rodriguez,195,89.6,89.3,0.469,0.217,0.083
2015,Dan Haren,187.1,86,85.4,0.472,0.172,0.050
2012,Aaron Harang,179.2,89.5,89.7,0.484,0.167,0.108
2015,J.A. Happ,172,92,91.1,0.472,0.211,0.063
2006,Kelvim Escobar,189.1,,,,0.186,0.063
2010,Hisanori Takahashi,122,88.8,,0.483,0.221,0.083
2010,Francisco Liriano,191.2,94.2,93.5,0.480,0.249,0.072
2009,Edwin Jackson,214,94.5,89.7,0.505,0.181,0.079
2013,Dillon Gee,199,89.2,89.3,0.521,0.169,0.056
2011,Jhoulys Chacin,194,91.2,90.1,0.490,0.181,0.105
2011,Erik Bedard,129.1,90.4,91,0.519,0.231,0.089
2013,Martin Perez,124.1,93,92.7,0.483,0.159,0.070
2012,Tim Hudson,179,89,,0.491,0.136,0.064
2011,Freddy Garcia,146.2,86.9,87.5,0.464,0.153,0.072
2015,Mike Bolsinger,109.1,87.2,,0.467,0.210,0.097
2010,Ted Lilly,193.2,86.9,,0.577,0.212,0.056
2015,Carlos Carrasco,183.2,94.5,94.3,0.469,0.296,0.059
2014,Ian Kennedy,201,91.8,91.3,0.503,0.245,0.083
2007,Mark Buehrle,201,86.9,,0.481,0.138,0.054
2006,Justin Verlander,186,,,,0.160,0.077
2006,Derek Lowe,218,,,,0.135,0.060
2006,Chien-Ming Wang,218,,,,0.084,0.058
2008,Jeremy Guthrie,190.2,93.4,,0.514,0.151,0.073
2010,Johnny Cueto,185.2,93.1,93.1,0.491,0.177,0.072
2014,Matt Garza,163.1,92.5,92.3,0.475,0.185,0.074
2011,Aaron Harang,170.2,89.8,88.8,0.508,0.173,0.081
2010,Shaun Marcum,195.1,86.9,86.6,0.488,0.206,0.054
2012,Marco Estrada,138.1,90.1,89.7,0.499,0.254,0.052
2007,Matt Cain,200,92.8,,0.526,0.196,0.095
2009,Ryan Dempster,200,90.6,90,0.470,0.204,0.077
2015,Cole Hamels,212.1,92.1,92.7,0.471,0.244,0.071
2015,Garrett Richards,207.1,95.7,95.5,0.476,0.204,0.088
2014,Bud Norris,165.1,93.2,93.4,0.502,0.202,0.076
2014,Marcus Stroman,130.2,93.6,92.8,0.531,0.208,0.052
2014,Gerrit Cole,138,95.3,95.5,0.503,0.242,0.070
2006,Woody Williams,145.1,,,,0.115,0.056
2014,Chris Young,165,85.2,,0.498,0.157,0.087
2010,Livan Hernandez,211.2,84.4,,0.457,0.127,0.071
2011,Paul Maholm,162.1,87.3,87.3,0.491,0.141,0.073
2007,Justin Verlander,201.2,94.1,,0.532,0.211,0.077
2015,Jordan Zimmermann,201.2,93,93.4,0.537,0.197,0.047
2010,Mike Pelfrey,204,92,,0.525,0.130,0.078
2012,Yovani Gallardo,204,91.7,91.5,0.453,0.237,0.094
2013,Doug Fister,208.2,88.6,88.8,0.504,0.181,0.050
2012,Paul Maholm,189,87.8,87.1,0.479,0.178,0.067
2007,Gil Meche,216,92.1,,0.491,0.172,0.068
2011,Anibal Sanchez,196.1,91.8,,0.517,0.243,0.077
2009,Kevin Millwood,198.2,90.3,90.1,0.487,0.145,0.084
2007,Yovani Gallardo,110.1,91.6,,0.496,0.217,0.079
2015,Nate Karns,147,91.6,,0.474,0.234,0.090
2012,Homer Bailey,208,92.4,92.4,0.494,0.192,0.060
2010,Kris Medlen,107.2,90.2,90.1,0.533,0.190,0.048
2008,Jair Jurrjens,188.1,91.8,89.2,0.480,0.171,0.086
2011,Brandon Beachy,141.2,92,,0.487,0.286,0.078
2011,Randy Wolf,212.1,88.4,88.2,0.533,0.148,0.073
2007,Zack Greinke,122,94.4,,0.523,0.209,0.071
2011,Javier Vazquez,192.2,90.4,90.1,0.560,0.203,0.063
2011,Roy Oswalt,139,91.5,,0.542,0.157,0.056
2014,Yusmeiro Petit,117,88.7,,0.515,0.289,0.048
2014,Jarred Cosart,180.1,93.5,,0.481,0.150,0.095
2015,Brett Anderson,180.1,91,90.3,0.470,0.155,0.061
2015,Mike Fiers,180.1,89.4,86.4,0.473,0.237,0.084
2011,Joe Saunders,212,89.6,89.3,0.480,0.124,0.077
2014,Mike Leake,214.1,90.8,,0.487,0.182,0.055
2007,Jeremy Guthrie,175.1,93.8,,0.538,0.170,0.065
2007,Adam Wainwright,202,90.8,,0.458,0.154,0.079
2012,Shaun Marcum,124,86.3,86.3,0.460,0.207,0.078
2011,Ivan Nova,165.1,92.4,92.6,0.504,0.139,0.081
2013,Ricky Nolasco,199.1,90.4,90.3,0.485,0.198,0.055
2007,Chien-Ming Wang,199.1,93.7,,0.518,0.126,0.072
2015,Mike Leake,192,90.4,,0.480,0.153,0.063
2008,Matt Garza,184.2,93.4,,0.475,0.166,0.076
2011,John Lannan,184.2,89.6,89.7,0.494,0.131,0.094
2016,Trevor Bauer,160.1,93.2,93.1,0.499,0.205,0.090
2006,Clay Hensley,187,,,,0.155,0.097
2014,Jason Vargas,187,87.3,87,0.452,0.162,0.052
2014,Homer Bailey,145.2,94.3,93.8,0.458,0.205,0.075
2008,Paul Maholm,206.1,89.6,,0.523,0.163,0.074
2013,Chris Tillman,206.1,91.6,88.6,0.529,0.212,0.081
2014,Hiroki Kuroda,199,90.7,,0.442,0.178,0.043
2008,Todd Wellemeyer,191.2,92.7,,0.490,0.166,0.077
2008,Jamie Moyer,196.1,81.1,,0.453,0.146,0.074
2013,Jon Niese,143,90.1,89.8,0.509,0.169,0.077
2014,R.A. Dickey,215.2,81.5,,0.522,0.189,0.081
2007,Roy Halladay,225.1,92.3,,0.472,0.150,0.052
2010,Colby Lewis,201,90,,0.532,0.232,0.077
2007,Orlando Hernandez,147.2,88.4,,0.460,0.211,0.105
2014,Charlie Morton,157.1,91.4,90.9,0.460,0.189,0.086
2010,John Danks,213,91.7,90.7,0.516,0.185,0.080
2012,Chris Capuano,198.1,86.7,,0.526,0.198,0.066
2008,Mike Pelfrey,200.2,92.8,89.8,0.500,0.129,0.075
2010,Tommy Hunter,128,90.4,89.4,0.561,0.127,0.062
2008,Armando Galarraga,178.2,90.1,,0.497,0.169,0.082
2010,Ricky Romero,210,90.9,90.2,0.489,0.197,0.093
2007,Aaron Harang,231.2,90.3,,0.491,0.230,0.055
2014,Jake Peavy,202.2,89.9,89.9,0.475,0.185,0.074
2008,Hiroki Kuroda,183.1,92.3,,0.492,0.150,0.054
2011,Tim Stauffer,185.2,90.3,90.5,0.515,0.165,0.068
2009,Yovani Gallardo,185.2,92.3,91.5,0.458,0.257,0.119
2012,Mike Fiers,127.2,88,,0.503,0.251,0.067
2012,Mark Buehrle,202.1,84.9,84.5,0.488,0.151,0.048
2011,Michael Pineda,171,94.2,96.7,0.541,0.249,0.079
2013,Jacob Turner,118,91.6,92.1,0.459,0.150,0.105
2014,Shelby Miller,183,93.4,93.3,0.533,0.166,0.096
2007,Javier Vazquez,216.2,92.5,,0.489,0.242,0.057
2013,Andy Pettitte,185.1,89,88.9,0.472,0.163,0.061
2012,Max Scherzer,187.2,94.2,93.6,0.518,0.294,0.076
2012,Tommy Milone,190,87.4,87.4,0.481,0.173,0.046
2012,Bronson Arroyo,202,86.3,,0.521,0.155,0.042
2014,Scott Feldman,180.1,88.6,,0.479,0.140,0.065
2015,Jason Hammel,170.2,92.2,92.2,0.485,0.242,0.056
2016,Felix Hernandez,127.1,90.5,,0.413,0.199,0.104
2014,Hector Santiago,127.1,90.7,,0.528,0.199,0.097
2015,Carlos Rodon,139.1,93.6,93,0.449,0.229,0.117
2010,Carl Pavano,221,90,,0.533,0.129,0.041
2008,John Lackey,163.1,91.1,,0.546,0.193,0.059
2015,Erasmo Ramirez,163.1,90.9,90.9,0.496,0.189,0.060
2014,David Buchanan,117.2,90.2,90.1,0.471,0.141,0.064
2007,A.J. Burnett,165.2,95.9,,0.432,0.255,0.096
2010,Clayton Richard,201.2,91.4,91.1,0.515,0.178,0.091
2013,Zach McAllister,134.1,91.3,91.2,0.525,0.174,0.085
2009,Jered Weaver,211,88.7,89.8,0.513,0.197,0.075
2011,Philip Humber,163,90.4,90,0.544,0.172,0.061
2013,Jon Lester,213.1,92.4,,0.483,0.196,0.074
2016,Ian Kennedy,165.1,92,92.6,0.516,0.231,0.075
2009,Hiroki Kuroda,117.1,92.4,89.9,0.494,0.179,0.050
2006,Erik Bedard,196.1,,,,0.203,0.082
2008,Matt Cain,217.2,92,,0.536,0.199,0.098
2012,Jose Quintana,136.1,90.1,89.3,0.508,0.143,0.074
2012,Wandy Rodriguez,205.2,89.4,89,0.518,0.159,0.064
2006,Aaron Harang,234.1,,,,0.218,0.056
2012,Lucas Harrell,193.2,92.2,92.4,0.492,0.169,0.094
2007,Ian Snell,208,92.9,,0.489,0.201,0.077
2016,Chris Tillman,153,91.8,,0.490,0.200,0.092
2010,Roberto Hernandez,210.1,92.3,,0.530,0.141,0.082
2015,Taylor Jungmann,119.1,91.9,91.5,0.445,0.214,0.094
2009,Carlos Zambrano,169.1,91.5,,0.487,0.207,0.106
2009,John Danks,200.1,90.3,88.9,0.519,0.178,0.087
2011,Bud Norris,186,92.6,,0.466,0.221,0.088
2011,Bruce Chen,155,87.1,,0.529,0.148,0.077
2006,Jason Jennings,212,,,,0.157,0.094
2016,Danny Salazar,133.1,94.7,94.4,0.479,0.278,0.108
2008,Kyle Lohse,200,91.2,,0.497,0.142,0.058
2012,Trevor Cahill,200,89.7,,0.445,0.186,0.088
2006,Chuck James,119,,,,0.181,0.093
2013,Miguel Gonzalez,171.1,91.4,91.4,0.504,0.169,0.074
2010,Jason Vargas,192.2,86.6,86.5,0.524,0.143,0.067
2009,Jarrod Washburn,176,88.3,,0.511,0.138,0.068
2012,Lance Lynn,176,92.8,92.5,0.489,0.242,0.086
2011,Edwin Jackson,199.2,94.7,94.3,0.501,0.172,0.072
2008,Mark Buehrle,218.2,86.6,,0.491,0.153,0.057
2013,Bronson Arroyo,202,87,,0.561,0.151,0.041
2015,Gio Gonzalez,175.2,92.2,91.7,0.435,0.223,0.091
2015,Josh Collmenter,121,85.9,,0.477,0.126,0.048
2010,Ian Kennedy,194,89.6,88.6,0.499,0.207,0.086
2015,Mark Buehrle,198.2,83.9,82.8,0.499,0.110,0.040
2012,Matt Moore,177.1,94.1,94.5,0.503,0.231,0.107
2016,Kendall Graveman,163,91.2,,0.487,0.139,0.061
2016,Miguel Gonzalez,108.2,91.3,91.7,0.506,0.178,0.072
2012,Josh Johnson,191.1,92.8,93.2,0.449,0.207,0.082
2014,Tom Koehler,191.1,92.8,92.8,0.509,0.191,0.088
2007,Jesse Litsch,111,88.9,,0.467,0.105,0.075
2012,Jeff Samardzija,174.2,95.1,94.8,0.503,0.249,0.078
2014,John Lackey,198,91.7,91.4,0.538,0.197,0.056
2006,Tom Glavine,198,,,,0.156,0.074
2006,Ben Sheets,106,,,,0.270,0.026
2007,Ben Sheets,141.1,92.9,,0.487,0.179,0.063
2013,Matt Garza,155.1,93.2,92.6,0.509,0.209,0.064
2013,A.J. Griffin,200,88.8,,0.498,0.208,0.066
2012,C.J. Wilson,202.1,91.6,91.7,0.507,0.200,0.105
2007,Ted Lilly,207,88.7,,0.538,0.205,0.065
2010,Jeremy Guthrie,209.1,92.6,92.3,0.499,0.137,0.057
2011,Zack Greinke,171.2,92.5,92.6,0.458,0.281,0.063
2011,Charlie Morton,171.2,90.8,91.2,0.472,0.143,0.100
2009,John Lackey,176.1,91.6,,0.501,0.186,0.063
2006,Barry Zito,221,,,,0.160,0.105
2016,Dan Straily,159.2,89.2,89.5,0.484,0.199,0.093
2013,Samuel Deduno,108,90.2,,0.506,0.145,0.089
2015,Kyle Gibson,194.2,92,91.6,0.398,0.177,0.079
2006,Kenny Rogers,204,,,,0.117,0.073
2008,Gavin Floyd,206.1,91.2,,0.512,0.165,0.080
2006,Nate Robertson,208.2,,,,0.156,0.076
2009,Mark Buehrle,213.1,85.5,81.6,0.490,0.120,0.052
2009,Bronson Arroyo,220.1,88.5,89.3,0.499,0.138,0.070
2010,Joel Pineiro,152.1,87.8,,0.502,0.145,0.054
2010,Yovani Gallardo,185,92.6,92.3,0.454,0.249,0.093
2015,Alex Wood,189.2,89.3,88.4,0.457,0.174,0.074
2015,Travis Wood,100.2,90.4,89.4,0.509,0.282,0.093
2010,Ryan Dempster,215.1,90.9,91.1,0.461,0.227,0.094
2015,Eduardo Rodriguez,121.2,93.9,92.6,0.498,0.188,0.071
2013,Corey Kluber,147.1,92.9,,0.524,0.224,0.054
2014,Roenis Elias,163.2,91.8,91.7,0.439,0.206,0.092
2007,James Shields,215,90.6,,0.519,0.211,0.041
2012,Jason Vargas,217.1,87.9,87.8,0.497,0.159,0.062
2009,Kenshin Kawakami,156.1,89.5,,0.496,0.157,0.085
2009,Josh Beckett,212.1,94,92,0.535,0.225,0.062
2016,Jake Odorizzi,165.2,91.4,91.9,0.481,0.215,0.073
2012,Anibal Sanchez,195.2,91.5,,0.524,0.204,0.059
2013,Scott Feldman,181.2,89.9,,0.467,0.174,0.074
2016,Jerad Eickhoff,167.2,90.9,91.2,0.475,0.197,0.054
2011,Mike Leake,167.2,89,,0.495,0.170,0.055
2016,Tom Koehler,156,91.9,92.2,0.439,0.188,0.098
2013,Marco Estrada,128,89.1,,0.468,0.231,0.057
2007,Kyle Kendrick,121,90.3,,0.491,0.098,0.050
2006,Dontrelle Willis,223.1,,,,0.164,0.085
2016,David Price,197.2,92.9,92.7,0.518,0.245,0.054
2007,Brian Bannister,165,88.6,,0.542,0.113,0.064
2007,Curt Schilling,151,89.3,,0.535,0.160,0.036
2010,Bronson Arroyo,215.2,87.8,,0.511,0.138,0.067
2016,Matt Shoemaker,160,91.6,91.1,0.478,0.214,0.045
2009,John Lannan,206.1,88.1,87.3,0.543,0.102,0.078
2007,Tom Gorzelanny,201.2,89.7,,0.510,0.155,0.078
2007,Derek Lowe,199.1,90.1,,0.419,0.177,0.071
2009,Dallas Braden,136.2,87.9,,0.545,0.138,0.071
2015,C.J. Wilson,132,90.3,90.2,0.447,0.199,0.083
2015,Collin McHugh,203.2,90.3,90.4,0.483,0.199,0.062
2012,Kyle Kendrick,159.1,,,0.481,0.172,0.073
2016,Jeremy Hellickson,166,90,89.9,0.422,0.202,0.057
2012,Yu Darvish,191.1,92.6,92.7,0.478,0.271,0.109
2016,Carlos Rodon,136,93.4,93.1,0.508,0.220,0.072
2015,Scott Feldman,108.1,90,,0.469,0.135,0.060
2015,R.A. Dickey,214.1,81.4,,0.504,0.143,0.069
2014,Jeff Locke,131.1,90.5,90.4,0.453,0.162,0.073
2010,Dan Haren,235,90.5,90.5,0.496,0.217,0.054
2008,John Lannan,182,87.6,,0.475,0.150,0.092
2012,Matt Garza,103.2,93.5,93.2,0.492,0.226,0.076
2006,Brett Myers,198,,,,0.227,0.076
2009,Kevin Correia,198,91.1,90.3,0.538,0.171,0.077
2007,John Maine,191,91.8,,0.486,0.222,0.093
2008,Carlos Zambrano,188.2,91.6,,0.502,0.163,0.091
2007,Jered Weaver,161,90,,0.516,0.166,0.065
2008,Randy Johnson,184,90.1,,0.533,0.222,0.057
2010,Matt Garza,204.2,93.4,92.6,0.496,0.175,0.074
2008,Jorge Campillo,158.2,85.8,,0.454,0.163,0.058
2015,James Shields,202.1,91.1,90.7,0.418,0.251,0.094
2015,Tommy Milone,128.2,87.6,86.2,0.428,0.168,0.066
2007,Sean Marshall,103.1,86.3,,0.519,0.150,0.079
2012,Jaime Garcia,121.2,88.3,88.4,0.491,0.190,0.058
2010,Ervin Santana,222.2,92.4,,0.494,0.177,0.077
2009,Ross Ohlendorf,176.2,91.5,90.4,0.509,0.150,0.073
2007,Noah Lowry,156,86.7,,0.445,0.125,0.125
2007,Rich Hill,195,90,,0.536,0.225,0.078
2007,Felix Hernandez,190.1,96.3,,0.534,0.204,0.066
2009,Matt Palmer,121.1,89,89.8,0.481,0.137,0.109
2013,Eric Stults,203.2,87,83.4,0.452,0.153,0.047
2009,Jeff Niemann,180.2,91.5,90,0.548,0.163,0.077
2007,Carlos Villanueva,114.1,88.8,,0.485,0.203,0.108
2016,Adam Conley,130.1,91.1,,0.464,0.213,0.107
2015,Alex Colome,109.2,93.8,95,0.484,0.193,0.068
2012,Adam Wainwright,198.2,89.9,,0.492,0.221,0.063
2016,Tyler Chatwood,132.1,92,91.9,0.441,0.161,0.104
2009,Matt Garza,203,92.9,90,0.474,0.220,0.092
2014,Ervin Santana,196,92.3,89.7,0.463,0.219,0.077
2015,Kyle Hendricks,180,89.9,,0.476,0.226,0.058
2015,Chris Heston,177.2,89.4,,0.441,0.189,0.086
2007,Joe Blanton,230,90,,0.527,0.147,0.042
2007,Carlos Zambrano,216.1,91.7,,0.499,0.191,0.109
2011,Derek Holland,198,94.1,,0.521,0.192,0.080
2009,Rick Porcello,170.2,91.4,90.5,0.521,0.124,0.072
2008,Chris Young,102.1,87.6,,0.476,0.214,0.111
2013,Dan Straily,152.1,90.2,90.5,0.481,0.194,0.089
2015,Nick Martinez,125,89.7,89.8,0.441,0.138,0.082
2008,Aaron Cook,211.1,91.6,,0.529,0.108,0.054
2012,Jake Westbrook,174.2,90.4,,0.458,0.141,0.069
2011,Ted Lilly,192.2,87.3,,0.552,0.198,0.064
2006,Curt Schilling,204,,,,0.219,0.034
2013,Lance Lynn,201.2,92.5,92.1,0.509,0.231,0.089
2013,Tim Hudson,131.1,89.8,,0.454,0.178,0.067
2013,Jarrod Parker,197,91.7,91.3,0.463,0.164,0.077
2008,Gil Meche,210.1,92.3,,0.510,0.207,0.082
2006,A.J. Burnett,135.2,,,,0.205,0.068
2008,Kevin Slowey,160.1,89.7,,0.573,0.188,0.037
2008,Ubaldo Jimenez,198.2,95.4,90,0.494,0.198,0.119
2013,Trevor Cahill,146.2,90.2,,0.442,0.160,0.102
2012,Clayton Richard,218.2,90.6,90.6,0.536,0.118,0.046
2014,Ryan Vogelsong,184.2,90.4,90.3,0.482,0.194,0.074
2010,Derek Lowe,193.2,87.6,,0.383,0.165,0.074
2014,Dillon Gee,137.1,89.1,89.3,0.511,0.165,0.075
2007,Tim Lincecum,146.1,93.6,,0.491,0.243,0.105
2011,Bartolo Colon,164.1,92.1,90.8,0.546,0.195,0.058
2015,Ervin Santana,108,92.5,89.9,0.492,0.179,0.079
2016,Jeff Samardzija,177.2,94.3,94.4,0.527,0.188,0.066
2015,Trevor May,114.2,93.2,91.7,0.518,0.224,0.053
2013,Matt Cain,184.1,91.2,91.2,0.507,0.208,0.072
2016,Hisashi Iwakuma,173,88.1,,0.518,0.173,0.053
2016,Zach Davies,146,,89.2,0.435,0.197,0.059
2014,Chase Anderson,114.1,91.1,90.7,0.493,0.216,0.082
2009,Jon Garland,204,89.9,,0.489,0.124,0.069
2008,Seth McClung,105.1,93.3,,0.478,0.191,0.121
2014,Dan Haren,186,87.6,87.2,0.475,0.187,0.046
2012,Wei-Yin Chen,192.2,91,90,0.528,0.188,0.070
2012,Ian Kennedy,208.1,89.2,89.8,0.520,0.208,0.061
2013,Jason Vargas,150,87.7,87.6,0.479,0.169,0.071
2006,Chris Capuano,221.1,,,,0.186,0.050
2009,Nick Blackburn,205.2,90.9,89.7,0.531,0.111,0.047
2008,Josh Beckett,174.1,94,,0.547,0.237,0.047
2012,Alex Cobb,136.1,90,90.1,0.482,0.186,0.070
2011,Tom Gorzelanny,105,89.9,89.4,0.467,0.213,0.074
2009,Barry Zito,192,86.5,86.4,0.521,0.188,0.099
2012,Edwin Jackson,189.2,93.4,93.9,0.447,0.213,0.073
2009,Chad Billingsley,196.1,91.8,89.9,0.468,0.218,0.105
2006,Scott Olsen,180.2,,,,0.218,0.099
2013,Jonathan Pettibone,100.1,90.7,90.7,0.508,0.151,0.087
2015,Julio Teheran,200.2,91.6,89.8,0.485,0.203,0.087
2011,Carlos Villanueva,107,88.9,,0.507,0.150,0.071
2013,Jeremy Guthrie,211.2,92.6,,0.511,0.123,0.065
2009,Jason Marquis,216,90.5,,0.486,0.125,0.087
2009,A.J. Burnett,207,94.2,,0.493,0.218,0.108
2013,Scott Kazmir,158,92.1,92.3,0.531,0.241,0.070
2015,Anthony DeSclafani,184.2,92.7,92.1,0.491,0.192,0.070
2015,Kendall Graveman,115.2,90.2,,0.459,0.153,0.076
2008,Nick Blackburn,193.1,91.3,,0.556,0.117,0.047
2014,Brandon McCarthy,200,93.4,,0.509,0.209,0.040
2014,Tyler Matzek,117.2,92.2,90.8,0.504,0.181,0.088
2013,Jason Marquis,117.2,86.6,,0.392,0.139,0.131
2007,Andy Pettitte,215.1,90.2,,0.504,0.154,0.075
2009,Joe Blanton,195.1,89.7,,0.498,0.195,0.071
2009,Brett Anderson,175.1,92.6,89.5,0.520,0.204,0.061
2016,Chris Archer,175.1,94.2,,0.467,0.284,0.082
2009,Zach Duke,213,88.8,82.9,0.509,0.119,0.055
2011,Jeff Niemann,135.1,90.7,91.2,0.532,0.184,0.065
2009,Gavin Floyd,193,91.9,90.5,0.512,0.205,0.074
2013,Carlos Villanueva,128.2,87.7,87.4,0.480,0.197,0.076
2008,Kyle Davies,113,91.5,,0.465,0.146,0.088
2008,A.J. Burnett,221.1,94.4,,0.484,0.241,0.090
2012,Joe Saunders,174.2,89.4,88.6,0.463,0.150,0.052
2008,Carlos Villanueva,108.1,88.4,,0.479,0.200,0.065
2010,Ross Ohlendorf,108.1,91.4,91.1,0.484,0.166,0.093
2010,Wade Davis,168,92.5,91.4,0.524,0.157,0.086
2013,Wei-Yin Chen,137,91.5,90.7,0.527,0.182,0.068
2015,Yordano Ventura,163.1,95.6,96.2,0.474,0.225,0.084
2006,Jeremy Bonderman,214,,,,0.224,0.071
2006,Cole Hamels,132.1,,,,0.260,0.086
2009,Scott Feldman,189.2,91.5,,0.490,0.143,0.082
2015,Danny Duffy,136.2,93.6,92.5,0.519,0.174,0.090
2010,Gavin Floyd,187.1,92.3,92.3,0.498,0.189,0.073
2015,Tom Koehler,187.1,92,92.3,0.470,0.171,0.096
2007,Dustin McGowan,169.2,94.7,,0.456,0.204,0.087
2009,Rich Harden,141,92.2,90.3,0.473,0.281,0.110
2008,Ted Lilly,204.2,87.8,,0.552,0.214,0.074
2014,Bartolo Colon,202.1,90.6,87.7,0.570,0.179,0.036
2006,Jake Peavy,202.1,,,,0.254,0.073
2010,Tom Gorzelanny,136.1,90.1,89.2,0.490,0.197,0.113
2012,Travis Blackley,107.2,,90.4,0.465,0.160,0.072
2009,Tommy Hunter,112,89.6,,0.532,0.135,0.070
2014,Roberto Hernandez,164.2,90.1,,0.435,0.145,0.101
2014,Jorge de la Rosa,184.1,92.3,92.6,0.449,0.181,0.087
2012,Dillon Gee,109.2,90.1,90.2,0.470,0.210,0.063
2010,Doug Fister,171,88.3,87.4,0.577,0.129,0.044
2015,Ubaldo Jimenez,184,90.7,90.2,0.460,0.212,0.086
2015,Jimmy Nelson,177.1,93.3,,0.482,0.197,0.086
2007,Lenny DiNardo,131.1,85.4,,0.511,0.106,0.090
2012,Mike Minor,179.1,90.3,,0.484,0.199,0.077
2009,Doug Davis,203.1,84.9,79,0.449,0.164,0.116
2006,Dan Haren,223,,,,0.189,0.048
2009,Roy Oswalt,181.1,93.1,,0.583,0.182,0.056
2007,Aaron Cook,166,91.8,,0.509,0.087,0.063
2006,Jeff Suppan,190,,,,0.124,0.082
2009,Max Scherzer,170.1,93.6,,0.536,0.235,0.085
2016,Vince Velasquez,131,94,92,0.493,0.276,0.082
2014,Jake Odorizzi,168,90.2,90.8,0.472,0.242,0.082
2015,Jon Niese,176.2,89.2,88.9,0.488,0.147,0.071
2008,Tim Wakefield,181,81.8,,0.522,0.155,0.080
2014,Jeremy Guthrie,202.2,92.1,,0.511,0.144,0.057
2007,Shaun Marcum,159,87.6,,0.418,0.185,0.074
2015,Roenis Elias,115.1,91.6,91.4,0.466,0.198,0.090
2007,Greg Maddux,198,86,,0.587,0.125,0.030
2016,Doug Fister,165.1,86.9,86.8,0.467,0.147,0.078
2016,Matt Moore,169.2,92.8,92.5,0.508,0.204,0.091
2009,James Shields,219.2,90.7,89.6,0.532,0.180,0.056
2012,Edinson Volquez,182.2,93.4,,0.460,0.217,0.131
2013,Tommy Milone,156.1,87,87,0.462,0.189,0.059
2012,Chris Young,115,84.6,,0.497,0.162,0.073
2012,Barry Zito,184.1,83.7,83.8,0.491,0.143,0.088
2006,Matt Cain,190.2,,,,0.219,0.106
2010,Barry Zito,199.1,85.7,85.3,0.494,0.177,0.099
2013,Mark Buehrle,203.2,84.1,83.9,0.473,0.159,0.058
2009,Aaron Cook,158,90.1,,0.482,0.116,0.070
2013,Garrett Richards,145,94.8,94.5,0.492,0.163,0.071
2016,Mike Foltynewicz,114.2,95.2,94.9,0.536,0.208,0.066
2011,Trevor Cahill,207.2,90.1,,0.482,0.163,0.091
2006,Jeff Francis,199,,,,0.139,0.082
2008,Braden Looper,199,90.3,,0.489,0.128,0.053
2015,Bartolo Colon,194.2,90.3,87.2,0.574,0.167,0.029
2009,Andy Pettitte,194.2,89,83.8,0.470,0.178,0.091
2008,Greg Smith,190.1,87.6,,0.483,0.139,0.109
2012,Carlos Villanueva,125.1,88.9,89.1,0.480,0.234,0.088
2015,Jorge de la Rosa,149,91.4,,0.429,0.211,0.102
2013,Jake Peavy,144.2,90.3,90.7,0.514,0.205,0.061
2010,Bruce Chen,140.1,89,,0.546,0.161,0.094
2016,Brandon Finnegan,159.2,91.8,,0.459,0.197,0.113
2010,Zack Greinke,220,93.2,93.4,0.490,0.197,0.060
2010,Randy Wolf,215.2,88.3,88.3,0.525,0.152,0.093
2006,Jake Westbrook,211.1,,,,0.121,0.061
2013,Kevin Correia,185.1,90.3,90.6,0.508,0.128,0.057
2014,Trevor Bauer,153,93.8,92.3,0.460,0.216,0.091
2013,Bud Norris,176.2,92.4,92.5,0.502,0.190,0.087
2008,John Maine,140,92.3,,0.509,0.201,0.110
2008,Dave Bush,185,88.4,89.5,0.501,0.143,0.063
2013,Yovani Gallardo,180.2,90.7,90.6,0.441,0.186,0.085
2015,Jesse Chavez,157,91.3,91.3,0.480,0.202,0.071
2010,Phil Hughes,176.1,92.5,92.3,0.547,0.200,0.080
2012,Phil Hughes,191.1,92,,0.513,0.203,0.056
2007,Carlos Silva,202,91.4,,0.540,0.105,0.043
2011,Kyle McClellan,141.2,88.4,,0.498,0.125,0.071
2015,Doug Fister,103,86.4,86.1,0.512,0.140,0.054
2014,Tommy Milone,118,86.5,86.4,0.427,0.145,0.071
2008,Scott Olsen,201.2,87.3,79.2,0.548,0.132,0.081
2012,Vance Worley,133,89.6,89.6,0.495,0.181,0.080
2010,Jon Niese,173.2,89.6,88.9,0.549,0.192,0.081
2015,Nathan Eovaldi,154.1,96.6,94.1,0.496,0.180,0.073
2006,Andy Pettitte,214.1,,,,0.192,0.075
2016,CC Sabathia,150,89.5,,0.466,0.195,0.087
2006,Jake Woods,105,,,,0.140,0.112
2006,Greg Maddux,210,,,,0.136,0.043
2013,R.A. Dickey,224.2,81.6,,0.531,0.188,0.075
2006,Mark Hendrickson,164.2,,,,0.138,0.086
2011,James McDonald,171,92.7,92.4,0.484,0.188,0.103
2012,James McDonald,171,91.8,91.6,0.504,0.212,0.097
2012,Kevin Correia,171,90,90.6,0.517,0.122,0.063
2011,Chad Billingsley,188,91.5,91,0.519,0.183,0.101
2009,Aaron Harang,162.1,90.7,89.6,0.499,0.202,0.061
2014,J.A. Happ,158,92.7,92.4,0.528,0.198,0.076
2006,Boof Bonser,100.1,,,,0.201,0.057
2010,Jorge de la Rosa,121.2,93.3,,0.466,0.221,0.107
2010,Jake Westbrook,202.2,90.2,,0.476,0.149,0.079
2008,Chris Sampson,117.1,88.4,88.3,0.538,0.128,0.048
2016,Yordano Ventura,155.2,96.1,96.1,0.473,0.174,0.098
2010,Carlos Silva,113,89.8,,0.517,0.167,0.050
2007,Jeff Francis,215.1,88.4,,0.473,0.179,0.068
2008,Greg Maddux,194,84.5,,0.571,0.122,0.037
2008,Oliver Perez,194,91.2,,0.517,0.213,0.124
2010,Brett Cecil,172.2,90.5,,0.504,0.161,0.074
2015,Chad Bettis,115,91.8,91.6,0.434,0.195,0.084
2012,Luis Mendoza,166,92.3,92.2,0.437,0.147,0.083
2010,Mike Leake,138.1,91.1,,0.478,0.151,0.081
2007,Bronson Arroyo,210.2,88.9,,0.483,0.169,0.068
2006,Aaron Cook,212.2,,,,0.101,0.060
2007,Jon Garland,208.1,90.6,,0.517,0.111,0.065
2012,Zach McAllister,125.1,91.8,92,0.546,0.203,0.070
2007,Chuck James,161.1,88,,0.504,0.168,0.084
2009,Jonathan Sanchez,163.1,91.6,83.5,0.505,0.249,0.124
2011,Josh Tomlin,165.1,88,,0.552,0.134,0.032
2015,Kevin Gausman,112.1,95.2,93.8,0.455,0.219,0.062
2012,Kevin Millwood,161,90,90.1,0.517,0.155,0.081
2007,Doug Davis,192.2,84.8,,0.467,0.167,0.110
2016,Martin Perez,175.2,92.8,92.5,0.443,0.119,0.091
2010,Wade LeBlanc,146,86.2,,0.478,0.176,0.082
2011,Jason Vargas,201,87.3,87.2,0.535,0.153,0.069
2014,Danny Salazar,110,94.6,93.2,0.495,0.253,0.074
2013,Randall Delgado,116.1,91.8,91.6,0.499,0.167,0.049
2013,Chris Capuano,105.2,88.4,,0.488,0.177,0.053
2007,Scott Baker,143.2,90.2,,0.519,0.168,0.048
2010,Randy Wells,194.1,90,,0.456,0.171,0.075
2015,Mike Pelfrey,164.2,93,,0.506,0.120,0.063
2011,Jonathan Sanchez,101.1,89.7,,0.460,0.230,0.149
2008,Clayton Kershaw,107.2,94.3,,0.494,0.213,0.111
2010,Vin Mazzaro,122.1,91.4,91.4,0.495,0.147,0.093
2012,Travis Wood,156,89.4,88.6,0.522,0.183,0.083
2006,Jose Contreras,196,,,,0.161,0.066
2008,Zach Miner,118,90.6,,0.453,0.122,0.090
2015,Ian Kennedy,168.1,91.3,91.8,0.481,0.244,0.073
2010,Mark Buehrle,210.1,86.1,85.5,0.495,0.110,0.055
2006,Ervin Santana,204,,,,0.167,0.083
2012,Gavin Floyd,168,91.5,91,0.483,0.199,0.087
2016,Mike Fiers,149,89.4,,0.488,0.181,0.056
2007,Miguel Batista,193,92.7,,0.497,0.155,0.099
2014,Eric Stults,176,88,82.3,0.442,0.146,0.059
2011,Carl Pavano,222,88.7,,0.505,0.107,0.042
2009,Ricky Romero,178,91.8,85.6,0.494,0.183,0.103
2012,Nathan Eovaldi,119.1,94.1,94.3,0.528,0.148,0.089
2014,Tyler Skaggs,113,92,92,0.552,0.185,0.065
2006,Jamie Moyer,211.1,,,,0.121,0.057
2008,Randy Wolf,190.1,89.2,81.9,0.516,0.197,0.086
2015,Chase Anderson,152.2,91.6,91.1,0.485,0.173,0.063
2007,Micah Owings,152.2,90.1,,0.515,0.163,0.077
2010,Brian Matusz,175.2,89.9,89.9,0.534,0.188,0.083
2006,Ted Lilly,181.2,,,,0.201,0.102
2008,Doug Davis,146,85,,0.472,0.172,0.099
2009,Cole Hamels,193.2,90.3,85.5,0.517,0.206,0.053
2007,Jarrod Washburn,193.2,88.2,,0.498,0.136,0.080
2013,Rick Porcello,177,91.6,91,0.476,0.193,0.057
2007,Jake Westbrook,152,90.8,,0.512,0.144,0.085
2011,Anthony Swarzak,102,91.1,92,0.508,0.125,0.059
2013,Felix Doubront,162.1,90.6,90.2,0.517,0.197,0.101
2006,Brad Radke,162.1,,,,0.121,0.046
2011,Jeremy Guthrie,208,92.2,,0.501,0.146,0.074
2008,Jered Weaver,176.2,90.4,,0.519,0.204,0.073
2012,Dan Haren,176.2,88.5,88.9,0.476,0.190,0.051
2009,Jason Hammel,176.2,92.2,91.1,0.506,0.173,0.055
2011,John Danks,170.1,91.6,91.5,0.528,0.185,0.063
2006,Brad Penny,189,,,,0.182,0.066
2014,Jordan Lyles,126.2,91.7,90.9,0.471,0.165,0.084
2014,Wade Miley,201.1,91.3,90.9,0.433,0.211,0.087
2015,Andrew Cashner,184.2,94.9,94.6,0.488,0.205,0.082
2013,Jeff Samardzija,213.2,94.6,94.3,0.479,0.234,0.085
2016,Dillon Gee,112,89.4,89.6,0.505,0.176,0.063
2013,Jeremy Hefner,130.2,90.9,90.4,0.470,0.178,0.067
2008,Dana Eveland,168,89.6,86.9,0.511,0.160,0.105
2008,Odalis Perez,159.2,88,81.3,0.449,0.167,0.077
2016,Ivan Nova,134.2,92.8,92.4,0.456,0.182,0.048
2010,John Lackey,215,91.1,90.6,0.515,0.168,0.077
2016,Jimmy Nelson,157,92.8,,0.522,0.171,0.107
2014,Nick Tepesch,126,89.7,,0.474,0.104,0.082
2014,Marco Estrada,150.2,88.9,89.5,0.470,0.204,0.071
2009,Scott Baker,200,91.3,89.5,0.546,0.196,0.058
2008,Dustin McGowan,111.1,94.3,,0.483,0.179,0.080
2011,Gavin Floyd,193.2,91.2,91.1,0.512,0.189,0.056
2013,Wily Peralta,183.1,94.6,94.9,0.436,0.161,0.091
2015,Michael Pineda,160.2,92.5,92.9,0.514,0.234,0.031
2013,Tim Lincecum,197.2,90.2,90.1,0.463,0.230,0.090
2009,Mark Hendrickson,105,87.4,86.7,0.470,0.134,0.072
2014,Nathan Eovaldi,199.2,95.5,95.9,0.549,0.166,0.050
2008,Andy Sonnanstine,193.1,87.1,,0.572,0.151,0.045
2009,Jorge de la Rosa,185,93.4,91.2,0.469,0.242,0.104
2015,Tanner Roark,111,92.8,92.7,0.486,0.150,0.056
2014,Brad Hand,111,92.3,91.8,0.484,0.141,0.082
2014,David Phelps,113,90.4,90,0.483,0.185,0.093
2014,Brett Oberholtzer,143.2,89.5,89.3,0.509,0.151,0.045
2010,Jeff Niemann,174.1,91.1,91.7,0.541,0.179,0.083
2008,Manny Parra,166,92.6,,0.481,0.198,0.101
2006,Cliff Lee,200.2,,,,0.146,0.066
2007,Daisuke Matsuzaka,204.2,92.4,,0.525,0.230,0.092
2016,Sean Manaea,120.2,92.1,,0.492,0.206,0.063
2011,Colby Lewis,200.1,88.9,,0.523,0.201,0.067
2015,Phil Hughes,155.1,90.7,90.1,0.563,0.144,0.025
2011,Jon Niese,157.1,90.5,89.7,0.551,0.199,0.063
2016,Gio Gonzalez,157.1,91,90.4,0.433,0.223,0.077
2013,Tom Koehler,143,92.7,92.9,0.511,0.153,0.090
2010,Mitch Talbot,159.1,,90.8,0.523,0.126,0.099
2016,Jaime Garcia,159.1,90.6,90.4,0.481,0.199,0.076
2008,Glen Perkins,151,90.5,,0.574,0.112,0.059
2013,Paul Maholm,153,87.5,86.8,0.479,0.157,0.070
2009,Clayton Richard,153,91.8,87.6,0.513,0.172,0.107
2009,Johnny Cueto,171.1,92.7,90.9,0.477,0.178,0.082
2006,Dave Bush,210,,,,0.191,0.044
2008,Edwin Jackson,183.1,94.2,,0.499,0.136,0.097
2009,David Price,128.1,93,87.6,0.529,0.183,0.097
2007,Chad Gaudin,199.1,90.9,,0.482,0.174,0.113
2011,Dillon Gee,160.2,89,89.7,0.484,0.162,0.101
2014,Rubby de la Rosa,101.2,93.5,92.9,0.491,0.168,0.079
2011,Max Scherzer,195,93.1,,0.513,0.209,0.067
2012,Blake Beavan,152.1,90.7,91.1,0.575,0.105,0.038
2011,Homer Bailey,132,92.2,91.5,0.491,0.189,0.059
2011,Jason Marquis,132,88.9,,0.425,0.130,0.073
2009,Paul Maholm,194.2,89.3,87.7,0.510,0.142,0.072
2009,Aaron Laffey,121.2,88.3,83.9,0.513,0.110,0.106
2015,Tim Hudson,123.2,87.9,,0.476,0.122,0.071
2007,Joe Saunders,107.1,92,,0.480,0.146,0.072
2007,Tom Glavine,200.1,84.8,,0.403,0.104,0.075
2007,Jason Bergmann,115.1,89.5,,0.476,0.179,0.088
2011,Wade Davis,184,91.8,90.2,0.507,0.132,0.079
2010,Kevin Slowey,155.2,89.4,,0.543,0.175,0.044
2011,Chris Narveson,161.2,87.9,87.6,0.458,0.180,0.093
2016,Michael Wacha,131.1,93.2,,0.471,0.191,0.077
2007,Justin Germano,133.1,88,,0.517,0.138,0.071
2015,Matt Shoemaker,135.1,90.3,90,0.489,0.204,0.062
2011,Felipe Paulino,139.1,95,95.3,0.513,0.222,0.092
2011,Brett Myers,216,88.1,,0.499,0.175,0.062
2010,Homer Bailey,109,92.7,92.5,0.514,0.215,0.086
2009,Vicente Padilla,147.1,92.3,92.4,0.551,0.153,0.085
2015,Wade Miley,193.2,90.9,90.7,0.407,0.177,0.077
2016,Robbie Ray,155.1,94,93.8,0.492,0.284,0.087
2011,Livan Hernandez,175.1,83.6,,0.447,0.132,0.061
2014,Kyle Gibson,179.1,91.4,91.2,0.436,0.141,0.075
2014,Samuel Deduno,100.2,89.7,,0.496,0.187,0.104
2010,Joe Saunders,203.1,90.6,90.4,0.475,0.130,0.073
2010,Edwin Jackson,209.1,94.4,,0.472,0.201,0.087
2006,Zach Duke,215.1,,,,0.125,0.073
2011,Phil Coke,108.2,92,79.7,0.526,0.146,0.084
2007,Jorge Sosa,112.2,91,,0.517,0.144,0.085
2012,Ricky Nolasco,191,90.1,90,0.519,0.150,0.057
2006,Pedro Martinez,132.2,,,,0.249,0.071
2012,Tommy Hanson,174.2,89.6,,0.469,0.212,0.093
2014,Drew Hutchison,184.2,92.2,91,0.487,0.234,0.076
2006,Gil Meche,186.2,,,,0.192,0.104
2012,Carlos Zambrano,132.1,89,,0.475,0.161,0.127
2006,Jaret Wright,140.1,,,,0.134,0.091
2010,Armando Galarraga,144.1,,,0.521,0.120,0.083
2010,Brandon Morrow,146.1,93.5,,0.476,0.283,0.105
2011,Nick Blackburn,148.1,89.8,89.4,0.495,0.113,0.081
2012,Roy Halladay,156.1,,90.5,0.493,0.204,0.056
2015,Jeff Locke,168.1,91.8,91.2,0.435,0.175,0.082
2010,Scott Baker,170.1,91.6,90.8,0.543,0.204,0.059
2006,Vicente Padilla,200,,,,0.179,0.080
2015,David Phelps,112,90.4,89.9,0.556,0.160,0.069
2014,C.J. Wilson,175.2,90.6,90.9,0.447,0.198,0.112
2010,Ricky Nolasco,157.2,91.2,90.2,0.528,0.221,0.050
2016,Jon Gray,145.2,95,,0.482,0.250,0.082
2006,Jon Garland,211.1,,,,0.124,0.046
2006,Kevin Millwood,215,,,,0.173,0.058
2009,Justin Masterson,129.1,92.9,,0.551,0.210,0.106
2006,Felix Hernandez,191,,,,0.216,0.074
2010,Ben Sheets,119.1,91.4,,0.528,0.164,0.084
2009,Homer Bailey,113.1,94.1,90.4,0.507,0.173,0.105
2008,Jason Marquis,167,90.1,,0.489,0.123,0.095
2006,Aaron Sele,103.1,,,,0.126,0.067
2007,Barry Zito,196.2,84.8,,0.452,0.154,0.098
2013,Brandon McCarthy,135,,,0.550,0.132,0.036
2006,Freddy Garcia,216.1,,,,0.147,0.052
2008,Jose Contreras,121,90.8,,0.513,0.134,0.067
2012,Patrick Corbin,107,90.6,90.9,0.518,0.189,0.055
2016,Zack Greinke,140.2,91.3,90.7,0.428,0.203,0.049
2010,Dave Bush,174.1,86.2,86.4,0.507,0.137,0.083
2014,Justin Verlander,206,93.1,93.2,0.495,0.178,0.073
2008,Andy Pettitte,204,88.9,83.7,0.476,0.179,0.062
2008,Brett Myers,190,90,,0.513,0.200,0.080
2011,Chris Capuano,186,87.6,,0.480,0.210,0.066
2016,Marcus Stroman,178,92.6,92.3,0.471,0.201,0.057
2015,Trevor Bauer,176,92.7,92.9,0.457,0.229,0.106
2014,Nick Martinez,140.1,91.2,90.9,0.480,0.126,0.090
2016,Dallas Keuchel,168,88.3,88.6,0.427,0.205,0.069
2012,Aaron Laffey,100.2,86.2,,0.507,0.112,0.086
2008,Brian Moehler,150,88.7,,0.523,0.126,0.055
2015,Taijuan Walker,169.2,94.1,94.8,0.496,0.222,0.057
2012,Clay Buchholz,189.1,92.2,91.4,0.497,0.161,0.080
2014,Vidal Nuno,161.2,89.2,87.9,0.505,0.190,0.068
2013,Ryan Dempster,171.1,89.3,89.1,0.447,0.208,0.105
2013,Jerome Williams,169.1,91.6,,0.478,0.147,0.076
2012,Mike Leake,179,89.5,,0.489,0.153,0.054
2012,Jerome Williams,137.2,91.4,,0.467,0.171,0.061
2010,Chris Volstad,175,89.4,,0.509,0.135,0.079
2006,Miguel Batista,206.1,,,,0.121,0.092
2009,Tim Wakefield,129.2,73.9,,0.532,0.126,0.087
2007,Wandy Rodriguez,182.2,89.3,,0.493,0.202,0.079
2016,Matt Andriese,106,91.8,90.7,0.502,0.211,0.052
2007,Paul Byrd,192.1,85.8,,0.571,0.105,0.034
2007,Chris Sampson,121.2,88.1,,0.529,0.098,0.058
2016,Scott Kazmir,135.1,91.4,91.4,0.490,0.229,0.089
2013,Erik Bedard,151,89.5,89.8,0.506,0.208,0.113
2014,A.J. Burnett,213.2,91.7,,0.473,0.203,0.103
2012,Rick Porcello,176.1,92.3,91.8,0.484,0.137,0.056
2009,Joe Saunders,186,90.6,87.4,0.491,0.126,0.080
2008,Paul Byrd,180,86.1,,0.574,0.108,0.045
2016,R.A. Dickey,164.1,82.3,,0.503,0.172,0.088
2016,Taijuan Walker,103.2,93.9,94.6,0.501,0.201,0.054
2007,Jason Marquis,191.2,89.7,,0.469,0.129,0.090
2016,Mike Leake,156.1,89.6,,0.495,0.167,0.038
2011,Zach Britton,154.1,91.8,91.9,0.477,0.146,0.093
2016,Adam Wainwright,168,90.1,,0.486,0.189,0.064
2014,Kyle Kendrick,199,,,0.478,0.140,0.066
2007,Jeff Suppan,206.2,88.3,,0.454,0.124,0.074
2011,Carlos Carrasco,124.2,92.6,92.2,0.531,0.159,0.075
2015,Jeremy Hellickson,146,90.1,89.9,0.433,0.190,0.068
2007,Kyle Lohse,192.2,91.3,,0.501,0.147,0.069
2010,Jake Peavy,107,91.1,91.6,0.529,0.207,0.076
2006,Tim Wakefield,140,,,,0.148,0.084
2013,Jake Westbrook,116.2,,,0.433,0.084,0.096
2009,Trevor Cahill,178.2,90.4,90.1,0.482,0.116,0.093
2007,Matt Chico,167,86.7,,0.459,0.126,0.099
2015,Jered Weaver,159,84.9,82.9,0.506,0.135,0.049
2010,Jair Jurrjens,116.1,91.3,90.8,0.504,0.172,0.084
2009,Chad Gaudin,147.1,90.2,89.7,0.508,0.209,0.115
2010,Freddy Garcia,157,87.6,,0.502,0.133,0.067
2010,John Lannan,143.1,88.6,88.8,0.524,0.110,0.076
2012,Josh Beckett,170.1,91.2,91.5,0.512,0.181,0.071
2007,Sergio Mitre,149,90.5,,0.549,0.121,0.062
2012,Bud Norris,168.1,91.9,91.6,0.489,0.225,0.090
2006,Orlando Hernandez,162.1,,,,0.235,0.087
2015,Colby Lewis,204.2,88.2,87.7,0.503,0.165,0.049
2011,Jake Westbrook,183.1,89.4,,0.453,0.129,0.090
2010,Jake Arrieta,100.1,92.8,,0.488,0.116,0.107
2008,Javier Vazquez,208.1,91.9,,0.529,0.225,0.069
2015,Ryan Vogelsong,135,91,91,0.486,0.181,0.097
2013,Dan Haren,169.2,88.9,89.1,0.484,0.211,0.043
2006,Jarrod Washburn,187,,,,0.127,0.068
2009,Derek Lowe,194.2,88.3,,0.429,0.130,0.074
2012,Derek Holland,175.1,92.6,,0.541,0.199,0.071
2011,Ricky Nolasco,206,90.6,90.3,0.505,0.166,0.049
2015,Rubby de la Rosa,188.2,94.2,93.5,0.490,0.185,0.078
2011,Luke Hochevar,198,92.7,,0.515,0.153,0.074
2011,Ubaldo Jimenez,188.1,93.9,93.7,0.500,0.219,0.095
2010,Daisuke Matsuzaka,153.2,92.1,92.1,0.532,0.200,0.111
2008,Jarrod Washburn,153.2,87.5,,0.500,0.129,0.074
2008,Joe Blanton,197.2,89.3,,0.494,0.130,0.077
2013,Kyle Kendrick,182,,,0.497,0.138,0.059
2010,Justin Masterson,180,92.4,,0.512,0.175,0.091
2015,Matt Wisler,109,93.3,92.9,0.521,0.151,0.084
2015,John Danks,177.2,89.4,88.7,0.468,0.162,0.073
2012,Joe Blanton,191,90.2,,0.513,0.206,0.042
2014,Brad Peacock,131.2,92.1,,0.469,0.202,0.119
2011,Brandon Morrow,179.1,93.8,,0.493,0.261,0.089
2015,Wily Peralta,108.2,94.1,94.5,0.449,0.126,0.077
2007,Chad Durbin,127.2,88.7,,0.491,0.118,0.087
2006,Brett Tomko,112.1,,,,0.155,0.059
2011,Brett Cecil,123.2,89.1,,0.502,0.164,0.079
2007,Brad Thompson,129.1,88.5,,0.495,0.091,0.069
2016,Chase Anderson,129.1,90.9,90.9,0.468,0.188,0.081
2010,Kyle Kendrick,180.2,90.9,,0.506,0.109,0.064
2015,CC Sabathia,167.1,90.3,,0.451,0.189,0.069
2009,Brian Bannister,154,89.1,87.8,0.487,0.147,0.075
2007,Randy Wolf,102.2,89,,0.487,0.205,0.085
2008,Vicente Padilla,171,92.1,,0.543,0.168,0.086
2011,Mike Pelfrey,193.2,92,,0.531,0.122,0.076
2014,John Danks,193.2,88.5,87.9,0.502,0.151,0.087
2014,Tim Lincecum,155.2,89.6,89.5,0.471,0.199,0.094
2006,Ian Snell,186,,,,0.208,0.091
2009,Kyle Lohse,117.2,90.3,,0.485,0.150,0.070
2006,Daniel Cabrera,148,,,,0.237,0.157
2006,Noah Lowry,159.1,,,,0.122,0.081
2011,Rick Porcello,182,90.4,89.8,0.487,0.133,0.059
2006,Kirk Saarloos,121.1,,,,0.095,0.097
2009,Joba Chamberlain,157.1,92.5,88,0.487,0.188,0.107
2013,John Danks,138.1,89.3,88.6,0.509,0.153,0.046
2014,Hector Noesi,172.1,92.2,93,0.501,0.168,0.076
2011,Tyler Chatwood,142,93,92.7,0.497,0.117,0.112
2011,Jason Hammel,170.1,92.8,93.1,0.524,0.127,0.092
2006,Paul Maholm,176,,,,0.149,0.103
2012,Jeremy Guthrie,181.2,92.6,,0.491,0.128,0.064
2014,Josh Tomlin,104,89,,0.480,0.211,0.031
2016,Mike Pelfrey,115.1,92.2,,0.482,0.100,0.088
2007,Nate Robertson,177.2,88.7,,0.520,0.152,0.081
2007,Tim Wakefield,189,76.9,,0.550,0.138,0.080
2016,Matt Wisler,136,92.8,92.7,0.485,0.181,0.073
2016,Nathan Eovaldi,124.2,97,96.5,0.509,0.185,0.076
2014,Mike Minor,145.1,90.5,89.6,0.503,0.188,0.069
2016,Andrew Cashner,117,93.9,93.2,0.433,0.192,0.097
2008,Bronson Arroyo,200,88.3,,0.475,0.187,0.078
2013,Esmil Rogers,137.2,93.6,92.6,0.458,0.161,0.074
2014,Jerome Williams,115,90.3,,0.466,0.165,0.072
2013,CC Sabathia,211,91.3,,0.490,0.193,0.072
2015,Williams Perez,116.2,91.8,91.3,0.505,0.142,0.099
2016,Aaron Nola,111,90.3,89.9,0.500,0.251,0.060
2008,Aaron Harang,184.1,89.5,89.1,0.516,0.193,0.063
2008,Cha Seung Baek,141,91.2,,0.514,0.153,0.071
2009,Sean West,103.1,90.8,,0.514,0.150,0.094
2016,Juan Nicasio,103.1,93.6,92.1,0.505,0.266,0.091
2012,J.A. Happ,144.2,90.5,90.1,0.506,0.230,0.089
2011,Kevin Correia,154,90.6,90.6,0.517,0.117,0.059
2007,Joe Kennedy,110.2,89.4,,0.467,0.102,0.110
2006,Mike O'Connor,105,,,,0.130,0.099
2014,Scott Carroll,129.1,89.3,89.6,0.468,0.112,0.079
2011,Ryan Dempster,202.1,90.5,90.5,0.491,0.217,0.093
2010,Luke Hochevar,103,93.7,,0.512,0.169,0.082
2007,Jason Hirsh,112.1,89.9,,0.469,0.155,0.099
2006,Chan Ho Park,136.2,,,,0.158,0.073
2008,Johnny Cueto,174,93.2,,0.480,0.206,0.088
2014,Ubaldo Jimenez,125.1,90.6,90.3,0.479,0.210,0.139
2010,Jason Hammel,177.2,93.1,92.9,0.531,0.183,0.061
2015,Charlie Morton,129,92.1,91.8,0.449,0.171,0.073
2010,Joe Blanton,175.2,89.4,,0.534,0.175,0.056
2008,Zach Duke,185,88.9,,0.522,0.105,0.057
2006,Joe Blanton,194.1,,,,0.125,0.068
2011,Carlos Zambrano,145.2,90.2,,0.496,0.159,0.088
2006,Kris Benson,183,,,,0.113,0.074
2011,Jeff Francis,183,85.2,,0.486,0.113,0.049
2012,Jon Lester,205.1,92,,0.451,0.190,0.078
2006,Ricky Nolasco,140,,,,0.162,0.067
2016,Colin Rea,102.2,91.7,91.9,0.491,0.176,0.097
2015,Joe Kelly,134.1,95.5,95.3,0.484,0.188,0.084
2006,Claudio Vargas,167.2,,,,0.165,0.070
2006,Livan Hernandez,216,,,,0.134,0.081
2008,Justin Verlander,201,93.7,,0.501,0.185,0.099
2010,Jamie Moyer,111.2,80.2,,0.471,0.137,0.044
2006,James Shields,124.2,,,,0.193,0.070
2011,Travis Wood,106,90,88.9,0.514,0.164,0.086
2006,Javier Vazquez,202.2,,,,0.211,0.064
2009,Ian Snell,145,91.8,90,0.494,0.137,0.128
2012,Johan Santana,117,88.4,88,0.456,0.222,0.078
2016,Archie Bradley,117,92.2,,0.480,0.211,0.107
2006,Cory Lidle,170.2,,,,0.175,0.078
2012,Henderson Alvarez,187.1,92.8,93.2,0.554,0.098,0.067
2016,Josh Tomlin,148.1,87.8,,0.504,0.173,0.032
2015,Aaron Harang,172.1,89,89.3,0.485,0.144,0.068
2012,Felix Doubront,161,92.8,92.5,0.481,0.236,0.100
2006,Tim Hudson,218.1,,,,0.147,0.082
2007,Brandon McCarthy,101.2,89.4,,0.500,0.129,0.105
2006,Paul Byrd,179,,,,0.109,0.047
2016,Chad Bettis,162.1,91.8,91,0.438,0.172,0.071
2009,Brad Penny,173.1,94,89.2,0.534,0.145,0.068
2009,Scott Kazmir,147.1,91.2,88.5,0.531,0.181,0.093
2013,Roberto Hernandez,151,91.1,,0.501,0.176,0.059
2006,Esteban Loaiza,154.2,,,,0.143,0.059
2011,Chris Volstad,165.2,90.4,,0.504,0.163,0.068
2007,Matt Morris,198.2,88,,0.498,0.115,0.069
2008,Jon Garland,196.2,90.9,,0.505,0.104,0.068
2007,Steve Trachsel,158,86.9,,0.474,0.080,0.108
2011,Alfredo Simon,115.2,94.2,94.6,0.516,0.166,0.080
2016,Ricky Nolasco,170.2,90.4,90.4,0.477,0.175,0.053
2006,Doug Davis,203.1,,,,0.176,0.113
2013,Ian Kennedy,181.1,90.1,90.3,0.491,0.205,0.092
2016,Hector Santiago,152,,,0.539,0.193,0.102
2015,Miguel Gonzalez,144.2,91,91.1,0.463,0.175,0.082
2008,Jorge de la Rosa,130,93.2,,0.478,0.224,0.109
2010,Jeff Karstens,122.2,89.2,,0.556,0.137,0.051
2016,Bud Norris,111.2,93.4,93.6,0.482,0.209,0.099
2011,Jake Peavy,111.2,90.4,91.1,0.535,0.202,0.051
2015,Rick Porcello,172,91.3,90.6,0.490,0.202,0.052
2010,Bud Norris,153.2,93.6,,0.492,0.231,0.113
2009,Jose Contreras,131.2,91.9,92,0.495,0.180,0.090
2010,Rick Porcello,162.2,91.3,90,0.543,0.120,0.054
2016,A.J. Griffin,106,87.6,,0.511,0.211,0.087
2006,Jon Lieber,168,,,,0.140,0.034
2012,Justin Masterson,206.1,92.8,,0.525,0.176,0.097
2007,Livan Hernandez,204.1,84.3,,0.430,0.099,0.087
2007,Braden Looper,175,90.1,,0.490,0.117,0.068
2007,Josh Fogg,165.2,87.8,,0.484,0.126,0.079
2009,Jamie Moyer,162,81.3,81.3,0.453,0.135,0.062
2008,Tim Redding,182,90.9,,0.514,0.152,0.082
2015,Mat Latos,116.1,91.4,91.3,0.478,0.202,0.065
2015,Jeff Samardzija,214,94.3,94.3,0.501,0.179,0.054
2016,Collin McHugh,152.1,90.1,90.6,0.486,0.222,0.064
2008,Jeff Suppan,177.2,87,,0.460,0.115,0.086
2013,Jason Hammel,139.1,92.7,92.7,0.500,0.157,0.079
2006,Steve Trachsel,164.2,,,,0.107,0.106
2010,Brad Bergesen,170,90.5,89.2,0.512,0.109,0.068
2013,Edwin Jackson,175.1,93,92.7,0.465,0.174,0.076
2006,Matt Morris,207.2,,,,0.130,0.070
2006,Mark Buehrle,204,,,,0.112,0.055
2016,Clay Buchholz,117.1,92.1,92.1,0.481,0.157,0.090
2016,Christian Friedrich,104.2,89.3,89.3,0.473,0.162,0.096
2015,Anibal Sanchez,157,91.8,,0.480,0.209,0.074
2011,Randy Wells,135.1,88.3,,0.445,0.141,0.081
2016,Wei-Yin Chen,110,90.7,90.4,0.501,0.191,0.049
2010,Chris Narveson,167.2,88.3,,0.465,0.189,0.082
2015,Chris Tillman,173,91.5,,0.511,0.162,0.086
2010,Rodrigo Lopez,200,88.1,88.3,0.551,0.133,0.064
2016,Jorge de la Rosa,126,90.2,,0.434,0.171,0.099
2010,Jeff Francis,104.1,87.5,,0.526,0.152,0.052
2006,Randy Johnson,205,,,,0.200,0.070
2007,Jeremy Bonderman,174.1,92.1,,0.460,0.193,0.064
2008,Jeff Francis,143.2,87.7,,0.500,0.148,0.077
2007,Jamie Moyer,199.1,82,,0.445,0.153,0.076
2008,Jonathan Sanchez,158,90.6,,0.516,0.226,0.108
2006,Josh Beckett,204.2,,,,0.182,0.085
2012,Erik Bedard,125.2,89.3,89.3,0.520,0.212,0.101
2007,Paul Maholm,177.2,88.7,,0.521,0.137,0.064
2010,Manny Parra,122,92.6,92.6,0.489,0.230,0.113
2012,Ivan Nova,170.1,92.8,93.3,0.491,0.205,0.075
2016,Edinson Volquez,166.2,93.5,,0.479,0.168,0.080
2006,Tony Armas Jr.,154,,,,0.140,0.092
2009,Ervin Santana,139.2,92.5,89.9,0.473,0.174,0.077
2014,Travis Wood,173.2,88.4,88.4,0.513,0.187,0.097
2009,Mike Pelfrey,184.1,92.7,90.4,0.501,0.130,0.080
2007,Edgar Gonzalez,102,90.6,,0.543,0.142,0.064
2009,Jeremy Guthrie,200,92.4,91.3,0.506,0.126,0.069
2008,Sidney Ponson,135.2,91.4,,0.512,0.095,0.078
2016,Drew Smyly,158.2,90.1,,0.464,0.232,0.067
2011,Jake Arrieta,119.1,92.3,,0.477,0.178,0.113
2015,Alfredo Simon,187,92.7,92.6,0.468,0.143,0.083
2011,Derek Lowe,187,86.7,,0.371,0.165,0.084
2009,Ricky Nolasco,185,91.5,89.5,0.523,0.248,0.056
2010,Jeff Suppan,101.1,86.7,,0.465,0.113,0.082
2011,Bronson Arroyo,199,86.7,,0.527,0.126,0.053
2008,Kevin Millwood,168.2,90.8,89.8,0.547,0.163,0.064
2012,Bruce Chen,191.2,87.3,,0.530,0.169,0.057
2010,Aaron Cook,127.2,89.7,,0.513,0.108,0.091
2008,Jason Bergmann,139.2,89.8,,0.512,0.156,0.077
2007,Claudio Vargas,134.1,91,,0.466,0.177,0.089
2011,Francisco Liriano,134.1,91.8,91.6,0.436,0.190,0.127
2009,Gil Meche,129,92.3,90.4,0.496,0.164,0.100
2012,Scott Feldman,123.2,90.5,,0.502,0.179,0.060
2012,Jordan Lyles,141.1,91.7,91.8,0.490,0.158,0.067
2010,Tony Pena,100.2,94,,0.547,0.126,0.101
2010,Kevin Millwood,190.2,89.2,89.2,0.500,0.157,0.077
2007,Boof Bonser,173,92.3,,0.481,0.176,0.084
2010,Paul Maholm,185.1,87.9,88.3,0.494,0.121,0.074
2009,Tim Redding,120,89.6,89.6,0.500,0.145,0.095
2007,Chris Capuano,150,87.9,,0.470,0.197,0.081
2009,Carl Pavano,199.1,90.7,,0.525,0.172,0.046
2016,Michael Pineda,151.2,94,94.7,0.440,0.263,0.064
2012,Derek Lowe,142.2,,,0.466,0.086,0.080
2007,Mike Bacsik,118,86.1,,0.456,0.087,0.056
2009,Craig Stammen,105.2,89.2,89.1,0.459,0.107,0.054
2006,Luke Hudson,102,,,,0.146,0.086
2012,Brian Duensing,109,91.9,88.2,0.521,0.146,0.057
2007,Dave Bush,186.1,88.4,,0.505,0.165,0.054
2011,Tim Wakefield,154.2,72.9,,0.515,0.137,0.069
2011,Joel Pineiro,145.2,87.1,,0.507,0.098,0.060
2010,Craig Stammen,128,90.3,90.3,0.440,0.151,0.073
2013,Juan Nicasio,157.2,91.9,91.3,0.525,0.169,0.091
2008,Joel Pineiro,148.2,90,,0.484,0.126,0.054
2007,Julian Tavarez,134.2,90.6,,0.505,0.128,0.084
2008,Barry Zito,180,85.1,,0.475,0.147,0.125
2008,Sean Gallagher,115.1,92.3,,0.509,0.197,0.111
2007,Mike Mussina,152,88.5,,0.559,0.139,0.053
2013,Dallas Keuchel,153.2,89.1,89.4,0.469,0.180,0.076
2011,A.J. Burnett,190.1,92.7,,0.447,0.207,0.099
2012,Ervin Santana,178,91.7,92.4,0.489,0.174,0.080
2007,Kevin Millwood,172.2,91.3,,0.493,0.156,0.085
2007,Dontrelle Willis,205.1,89.9,,0.471,0.155,0.092
2013,Jeremy Hellickson,174,90.4,90.5,0.459,0.183,0.068
2012,Tim Lincecum,186,90.4,90.2,0.453,0.230,0.109
2014,Colby Lewis,170.1,88.8,88.1,0.513,0.175,0.063
2010,James Shields,203.1,91.5,91.1,0.515,0.208,0.057
2006,Eric Milton,152.2,,,,0.136,0.063
2013,Mike Pelfrey,152.2,92.3,,0.513,0.149,0.078
2013,Phil Hughes,145.2,92.3,,0.534,0.189,0.065
2006,Jamey Wright,156,,,,0.117,0.095
2012,Freddy Garcia,107.1,86.8,,0.450,0.193,0.076
2009,Chris Volstad,159,91.7,90.3,0.476,0.157,0.087
2008,R.A. Dickey,112.1,85.4,,0.545,0.116,0.102
2007,Mark Hendrickson,122.2,87.7,,0.481,0.173,0.055
2007,Buddy Carlyle,107,89.8,,0.520,0.160,0.069
2012,Jason Marquis,127.2,88.5,,0.457,0.162,0.075
2009,Braden Looper,194.2,89.3,,0.491,0.116,0.074
2011,Brian Duensing,161.2,91.3,,0.506,0.162,0.073
2011,Roberto Hernandez,188.2,92.1,,0.502,0.131,0.072
2008,Daniel Cabrera,180,92.9,,0.492,0.116,0.110
2009,Jeremy Sowers,123.1,88.5,81.8,0.538,0.094,0.095
2010,A.J. Burnett,186.2,93.1,,0.486,0.175,0.094
2013,Joe Saunders,183,89.7,89.5,0.446,0.131,0.074
2007,Woody Williams,188,86.8,,0.515,0.121,0.064
2009,Kyle Davies,123,91.6,90.3,0.443,0.160,0.123
2016,Francisco Liriano,138.1,91.9,92.5,0.406,0.224,0.125
2009,Jeff Suppan,161.2,87,89.4,0.464,0.107,0.099
2008,Scott Feldman,151.1,90.5,,0.511,0.114,0.086
2011,Brad Penny,181.2,92.9,,0.477,0.092,0.077
2009,Mike Hampton,112,88.3,83.2,0.500,0.150,0.093
2007,Matt Belisle,177.2,91.4,,0.500,0.162,0.056
2010,Aaron Harang,111.2,90.5,90.1,0.476,0.163,0.075
2010,Javier Vazquez,157.1,89,88.8,0.511,0.177,0.095
2013,Wade Davis,135.1,92.5,91.5,0.487,0.185,0.094
2009,Brian Tallet,160.2,88.6,83.9,0.483,0.167,0.100
2006,Casey Fossum,130,,,,0.148,0.106
2006,Jae Seo,157,,,,0.125,0.079
2015,Chris Rusin,131.2,87.6,,0.490,0.145,0.069
2010,Tim Wakefield,140,72.7,,0.573,0.138,0.059
2014,Clay Buchholz,170.1,91.6,91.3,0.490,0.179,0.073
2006,Scott Elarton,114.2,,,,0.098,0.104
2009,Micah Owings,119.2,88.6,88.7,0.522,0.126,0.118
2010,Kyle Davies,183.2,92.3,,0.476,0.154,0.098
2016,Kyle Gibson,123,91.2,90.9,0.410,0.158,0.083
2012,Francisco Liriano,156.2,93.3,92.8,0.432,0.241,0.126
2011,J.A. Happ,156.1,90,89.7,0.478,0.192,0.119
2007,Kameron Loe,136,89.3,,0.506,0.127,0.091
2016,Jered Weaver,154.1,83.8,82.2,0.513,0.122,0.064
2006,Elizardo Ramirez,104,,,,0.148,0.062
2006,Adam Loewen,112.1,,,,0.194,0.123
2014,Franklin Morales,142.1,91.2,91.5,0.529,0.155,0.101
2014,Ricky Nolasco,159,90.3,89.8,0.483,0.166,0.055
2007,Josh Towers,107,88,,0.523,0.162,0.047
2013,Aaron Harang,143.1,89.4,89.9,0.504,0.181,0.064
2012,Ubaldo Jimenez,176.2,92.5,92.7,0.488,0.178,0.118
2010,Kevin Correia,145,90.3,89.7,0.499,0.179,0.100
2008,Darrell Rasner,113.1,88.1,,0.514,0.131,0.076
2015,Michael Lorenzen,113.1,94,94.2,0.459,0.161,0.111
2006,Jorge Sosa,118,,,,0.143,0.076
2009,Jeff Karstens,108,88.8,88.9,0.535,0.110,0.096
2009,David Hernandez,101.1,92.9,91.1,0.508,0.147,0.100
2008,Ian Snell,164.1,92.5,,0.519,0.176,0.116
2010,Nick Blackburn,161,90.5,90.7,0.545,0.098,0.058
2013,Scott Diamond,131,88.5,,0.491,0.090,0.063
2007,David Wells,157.1,87,,0.537,0.118,0.061
2016,Yovani Gallardo,102.2,90.3,89.8,0.455,0.153,0.116
2014,Kevin Correia,154,89.9,90,0.496,0.115,0.058
2009,Livan Hernandez,183.2,85,86.7,0.467,0.127,0.083
2008,Roberto Hernandez,120.2,92.7,,0.460,0.106,0.128
2007,Ramon Ortiz,104,91.3,,0.454,0.111,0.048
2012,Tommy Hunter,133.2,91.6,89.3,0.554,0.134,0.047
2008,Mark Hendrickson,133.2,87.6,,0.521,0.137,0.081
2016,Wily Peralta,103.2,94.3,94.7,0.415,0.164,0.083
2009,Brian Moehler,154.2,87.8,89.1,0.508,0.131,0.074
2010,Jeremy Bonderman,171,87,90,0.467,0.149,0.080
2010,Scott Feldman,141.1,89.6,,0.510,0.117,0.070
2016,Wade Miley,146,90.4,90.2,0.447,0.182,0.074
2010,John Ely,100,87.3,,0.478,0.177,0.093
2008,Kyle Kendrick,155.2,89.6,,0.497,0.094,0.079
2006,Josh Fogg,172,,,,0.122,0.078
2007,John Danks,139,91.5,,0.546,0.175,0.087
2016,Jon Niese,121,89.3,88.8,0.452,0.161,0.086
2008,Luke Hochevar,129,90.6,,0.488,0.127,0.083
2009,Scott Richmond,138.2,91.3,,0.461,0.192,0.097
2007,Zach Duke,107.1,88.1,,0.470,0.085,0.052
2007,Daniel Cabrera,204.1,95.2,,0.456,0.180,0.117
2007,Brett Tomko,131.1,92.6,,0.496,0.179,0.082
2016,Jake Peavy,116.2,88.8,88.8,0.473,0.198,0.067
2011,Jo-Jo Reyes,140.2,89.6,90,0.518,0.136,0.075
2015,Drew Hutchison,150.1,92.4,91.5,0.480,0.194,0.066
2006,Ramon Ortiz,190.2,,,,0.119,0.074
2007,Odalis Perez,137.1,88.2,,0.488,0.102,0.080
2007,Jose Contreras,189,91.6,,0.494,0.132,0.072
2016,Jeff Locke,124.1,91.5,91.2,0.478,0.125,0.080
2006,Byung-Hyun Kim,155,,,,0.187,0.089
2012,Jeff Francis,113,85.1,,0.466,0.151,0.044
2008,Jeremy Sowers,121,89.8,,0.540,0.120,0.073
2006,Sean Marshall,125.2,,,,0.137,0.105
2013,Jordan Lyles,141.2,92,92.1,0.468,0.145,0.076
2009,David Huff,128.1,90,84.7,0.518,0.113,0.071
2014,Trevor Cahill,110.2,91.2,,0.395,0.210,0.110
2016,Patrick Corbin,142.2,91.4,91.6,0.422,0.177,0.096
2008,Pedro Martinez,109,88.5,,0.481,0.177,0.089
2015,Matt Garza,148.2,92.7,92.4,0.482,0.156,0.086
2009,Armando Galarraga,143.2,90.7,90.3,0.497,0.148,0.104
2006,Wandy Rodriguez,135.2,,,,0.160,0.103
2011,Danny Duffy,105.1,93.3,91.6,0.535,0.184,0.108
2016,Jhoulys Chacin,118,90.4,90.4,0.474,0.180,0.094
2012,Randy Wolf,157.2,88.6,88.2,0.502,0.149,0.074
2006,Enrique Gonzalez,106.1,,,,0.143,0.074
2013,Dylan Axelrod,128.1,87.9,87.8,0.462,0.125,0.073
2006,John Koronka,125,,,,0.110,0.085
2016,Anibal Sanchez,142.1,91.1,,0.496,0.195,0.080
2006,Ryan Madson,134.1,,,,0.160,0.081
2006,Victor Santos,115.1,,,,0.155,0.081
2007,Kip Wells,162.2,92.2,,0.460,0.163,0.104
2008,Kenny Rogers,173.2,86.7,,0.454,0.105,0.091
2011,Brad Bergesen,101,90.9,90.3,0.522,0.135,0.071
2013,Edinson Volquez,170.1,92.4,,0.470,0.183,0.099
2006,Mark Redman,167,,,,0.103,0.085
2011,Edinson Volquez,108.2,93.4,,0.456,0.213,0.133
2010,Zach Duke,159,87.3,87.4,0.458,0.132,0.070
2013,Ryan Vogelsong,103.2,89.2,89.1,0.487,0.144,0.081
2012,Luke Hochevar,185.1,92.6,,0.513,0.180,0.076
2013,Barry Zito,133.1,82.6,83.2,0.474,0.141,0.089
2016,Sonny Gray,116,92.8,92.6,0.470,0.181,0.082
2006,Jeff Weaver,172,,,,0.139,0.061
2007,Edwin Jackson,161,95,,0.522,0.170,0.117
2007,Vicente Padilla,120.1,92.8,,0.500,0.128,0.090
2007,Ervin Santana,150,93.1,,0.507,0.187,0.086
2008,Brian Bannister,182.2,88.8,,0.512,0.139,0.072
2012,Ricky Romero,181,91.3,90.8,0.463,0.150,0.127
2010,Josh Beckett,127.2,93.6,93,0.515,0.201,0.078
2009,Francisco Liriano,136.2,91.5,90,0.483,0.200,0.107
2015,Odrisamer Despaigne,125.2,90.9,,0.519,0.126,0.059
2015,Jerome Williams,121,89.3,,0.440,0.134,0.062
2008,Adam Eaton,107,89.1,88.6,0.503,0.119,0.092
2007,Scott Olsen,176.2,89.7,,0.482,0.161,0.103
2008,Jo-Jo Reyes,113,90.7,,0.494,0.152,0.102
2007,Jorge de la Rosa,130,92.1,,0.483,0.139,0.090
2012,Hector Noesi,106.2,92.2,92.5,0.519,0.150,0.086
2006,Kyle Lohse,126.2,,,,0.171,0.078
2015,Kyle Lohse,152.1,89,,0.454,0.162,0.065
2007,Andy Sonnanstine,130.2,86.8,,0.563,0.175,0.047
2007,Matt Albers,110.2,92.8,,0.479,0.140,0.098
2013,Lucas Harrell,153.2,92.2,91.8,0.405,0.126,0.125
2008,Andrew Miller,107.1,92.1,,0.537,0.181,0.114
2014,Justin Masterson,128.2,90.3,,0.477,0.196,0.117
2009,Todd Wellemeyer,122.1,91.5,,0.504,0.139,0.102
2006,Taylor Buchholz,113,,,,0.161,0.071
2006,Rodrigo Lopez,189,,,,0.161,0.070
2016,Luis Perdomo,121.2,94.2,93.8,0.467,0.163,0.076
2008,Boof Bonser,118.1,91.7,,0.524,0.182,0.068
2008,Micah Owings,104.2,89.1,,0.538,0.187,0.088
2006,Carlos Silva,180.1,,,,0.086,0.040
2010,Scott Kazmir,150,90.9,89.7,0.500,0.136,0.116
2015,Jeremy Guthrie,148.1,92,,0.504,0.127,0.066
2007,Brian Burres,121,89,,0.484,0.172,0.118
2010,Nate Robertson,101.1,88.2,,0.519,0.137,0.091
2009,Josh Geer,102.2,86.1,87.4,0.507,0.123,0.053
2006,Jason Marquis,194.1,,,,0.110,0.086
2007,Anthony Reyes,107.1,90.7,,0.468,0.156,0.091
2013,Joe Blanton,132.2,89.3,,0.487,0.177,0.056
2008,Brian Burres,129.2,88,,0.498,0.106,0.084
2008,Brandon Backe,166.2,89.7,,0.469,0.168,0.102
2008,Livan Hernandez,180,84.2,,0.501,0.083,0.053
2008,Kevin Correia,110,88.7,,0.487,0.128,0.091
2016,James Shields,151.1,90.4,90.2,0.422,0.153,0.097
2007,Byung-Hyun Kim,118.1,88.7,,0.508,0.190,0.121
2007,Kyle Davies,136,91.5,,0.484,0.158,0.112
2006,Jason Johnson,115,,,,0.103,0.066
2009,Derek Holland,138.1,92.5,88.6,0.544,0.175,0.077
2014,Jacob Turner,113,92.1,92.5,0.438,0.142,0.066
2016,Ubaldo Jimenez,116.1,90.2,89.7,0.465,0.187,0.116
2007,Jeff Weaver,146.2,89.4,,0.544,0.122,0.053
2006,Odalis Perez,126.1,,,,0.141,0.054
2012,Jake Arrieta,114.2,93.3,,0.504,0.220,0.071
2016,Tyler Duffey,115.1,90.4,90.2,0.472,0.188,0.057
2008,Miguel Batista,115,91.6,,0.483,0.131,0.142
2007,Adam Eaton,161.2,90.9,,0.496,0.132,0.097
2006,Seth McClung,103,,,,0.121,0.139
2012,Chris Volstad,111.1,91.2,,0.461,0.120,0.085
2009,Roberto Hernandez,125.1,92.9,,0.464,0.133,0.117
2015,Kyle Kendrick,142.1,,,0.485,0.127,0.072
2014,Edwin Jackson,140.2,92.8,92.2,0.471,0.194,0.100
2010,Brian Bannister,127.2,89.9,,0.486,0.133,0.086
2008,Nate Robertson,168.2,87.9,88.4,0.495,0.142,0.082
2006,Joel Pineiro,165.2,,,,0.116,0.085
2006,Shawn Chacon,109,,,,0.120,0.122
2012,Josh Tomlin,103.1,89.3,,0.488,0.124,0.055
2009,Manny Parra,140,91.5,89.5,0.498,0.173,0.115
2009,Dave Bush,114.1,87.8,88.8,0.500,0.175,0.073
2011,John Lackey,160,91.5,91.3,0.501,0.145,0.075
2012,Philip Humber,102,90.7,90.6,0.519,0.184,0.095
2008,Carlos Silva,153.1,90.2,,0.510,0.100,0.046
2006,Runelvys Hernandez,109.2,,,,0.098,0.095
2009,Jason Berken,119.2,92.2,90.7,0.491,0.118,0.079
2009,Luke Hochevar,143,91.8,,0.500,0.168,0.073
2006,Oliver Perez,112.2,,,,0.193,0.129
2006,Brian Moehler,122,,,,0.104,0.068
2008,Garrett Olson,132.2,88.2,,0.505,0.134,0.100
2008,Tom Gorzelanny,105.1,88.7,,0.488,0.137,0.143
2010,Ryan Rowland-Smith,109.1,,88.3,0.531,0.096,0.086
2007,Mike Maroth,116.1,85.8,,0.381,0.093,0.091